P1,CACUUUGACAGCAUGGGCUGACAUCCCAGUGUGGAUGAGAA,1
P2,UUAACAAGGUAAUCACCUAAACAAGGCCUCUUAAGCUGCAC,1
P3,ACAGCCUCCAUGAAAUCUUAACAAGGUAAUCACCUAAACAA,1
P4,GGAAUUAAGUCAUUUUCAAAACAGCCUCCAUGAAAUCUUAA,1
P5,CAAUCAUUAAGAUGUCUUAAACAAGAAAAUUAGAUUUAGGC,1
P6,CUCAGUGUUUAAAAUGGUAAACCAAUACUUUCCCCACUUUA,1
P7,UGGAGCUUUAGAGACCAUAAACCAUGCAGGUGCCACCACAC,1
P8,AAGGAAAUAUAAAAUCUUUAACUUUUUAUUGUUCAAAUACA,1
P9,CUAUCCAUGAAUGCCUGGGGACCUUAUACAAUGUGAUGGUU,1
P10,UUACUUUCUAAAAAUACAUGACUGGAGGAGGAUGUUUGGCU,1
P11,GAUAACACUACCAGCUCCAAACCAAUAUCCAUUUCUAUAAG,1
P12,UUAUUGUCAGCAUUAUAAUAACCAAUGUGUGAAGCUUUCAU,1
P13,GAUUACCUUUGCCCCUUUUAACUUGUUUUAUUGUCAGCAUU,1
P14,GUCUCUGUCAUCUGUGAAUAACUGAUCUGUCUUGAUUACCU,1
P15,CCUGCUUCAAGUGGAUUGUAACCCACAUGUUUGGAAAUGAA,1
P16,AAAUGGGUAUGGGUAAAGGGACCUGCUUCAAGUGGAUUGUA,1
P17,CUUUAUUUUUUCCAUUAAGAACUACUUCUUAAAAGAUCAGC,1
P18,GGUGGUGUUGAUAAGGGAGAACCAGCAGGCUGACCUGCUCA,1
P19,UGGUUGGGUCACAUGAAAGGACCAAUCCUACUGACCAGUGC,1
P20,AGUGCUGCAGAAUCUUCAUGACACAGGACAACAUGAUAACA,1
P21,UGACACAGGACAACAUGAUAACAGGGAGGAGUCACAAUGAG,1
P22,UAUUGAUGGUGUUACAGAAGACAGAGAUCUCAAACUGGACU,1
P23,GAUCUCAAACUGGACUAAUGACUCAUUGCAAUGAAUAUUUG,1
P24,AUAGAGGGAUAUACUUUAGGACACUCUGUGACAUACUACAG,1
P25,AAAAAAAAAAAGAAAAAUAGACAAGGAAUAAUAAGCUUGUA,1
P26,CUCUUUUGGUGUGUCUGAAGACAGCUACACUGUGAAAAAGA,1
P27,AAAAAAAAAAAAAAGCACUGACUGCUUUCAAAGGUUCCCAA,1
P28,UUAAUCCACUUAGAUUUGAGACCUUAGUACAAUGAUAAAUC,1
P29,AUAGUUUAUUAGAAAUACUGACAGUUGGGCUUAGUACCACA,1
P30,GCGCGUGCGCGCGCACACAAACACACACACACCACACAAAA,1
P31,ACCUGAUUUUCACCCCUAGGACCUCCAUGGUAGAAGGGGAA,1
P32,GUGCUGACAAGCUUGAAUUGACAACCUGAUUUUCACCCCUA,1
P33,AAGCUAUUAUAAACUUGAGAACACUCAAAUAGGGGCCCAGU,1
P34,UCUACAAUAUUAUGAAGAAAACUAUGGGUAUAGUUACAUUU,1
P35,GUGUGGUCUUAUGCAAAGGGACUUCCUCACAUGUUCCAGCA,1
P36,CUGCAGUCUCCUUUAGGCUAACCUGUGUCAGCAUAGUCAAC,1
P37,UGUAACAGCAGUUAGCAGUAACUCUCACCUUUACAUGGUCU,1
P38,AAUAUUUAGGAAGCUCAUUAACUUGGAGUCUGAAUUGGCUG,1
P39,GGCUGUGGAUAGAUGUUCUGACCCUGUUCUGCUAUGUGUGC,1
P40,UGUUCUGCUAUGUGUGCCUGACAUCUUUCUCCUUGGGCUUA,1
P41,AUAUAGAUGUGGUUCUUUGAACUAUUUGUUCAACCUGUGCC,1
P42,UGUGCCUUGCUAAGGAAAAAACUUGUAGUCUGCACCAUUUC,1
P43,GAAAAGGGGAAAGAAAAAGAACUGGAGAUGGCUCUGACAUU,1
P44,AGGAGCCCAUACCCUUUGUGACACUUGUUACUGUGCGUAGU,1
P45,UGCCUGACACAGAUGCAAGAACUCUGCCCCUGCCCCCACUC,1
P46,UUUUGUGUUCUGGUUUCUUAACCUUAAUGCAUUUUAACAGC,1
P47,GAGGACCACUUGAGCCACAGACUUUGUUGUGUUUUGUUUUA,1
P48,AUCUGCUGAAAACUCCAAAAACAGAUUGAUGGUUUUGGAAU,1
P49,CAUCAAAAUGGUAGAACUUGACCAUGGGCUUGUUAGAAACC,1
P50,GAUGCUAGGAAGCCAAGGAAACUUAGGGAACAAUAGCACAG,1
P51,ACCUUUCCCACCAAUCAGAAACAGUAGCCCCUACUCAGUGA,1
P52,UAGCAAAGGUCAGGGUCUAAACCUUCAUGGAGACUUGGGAU,1
P53,GUUUGGUCUCCAGCACAGGAACAGAAACAAGCAAAUAUAAU,1
P54,UUAAUUAAAUAUUCACUGAGACCAAGCAGUCAACAGAGAGG,1
P55,GUCAACAGAGAGGAUCCAUGACUCUUGCUCAUAAAGAGCUG,1
P56,UUACUCUUAGGCUCCCUAAGACUUCCCUGAGAAGCAGUUAC,1
P57,AUUCACGGAUUGGGUAUAAGACUUGCACCAUCUCCAACUCA,1
P58,AACAACAACAACAAAAUGUGACUCUUCCUUCACUGGGACAU,1
P59,AGGGAGGCAGGCUUAGGGGAACAAAGAGGCAAAACCACUGG,1
P60,CAGAGAUUUCUAUUUGUGUGACAGACAGACAGACAGGCAGU,1
P61,CAGACAGACAGGCAGUGAAGACACAGAAGAUGAGUACACAU,1
P62,CUGUAUUCCAGUACCCACAAACAAAGGAGAGAUGAUUGGGA,1
P63,UGGAGAUGUUGCUCAAUUGGACUUGGCCUCUUACUCUCAUA,1
P64,CAUAUAAACAUAAAGCCAGGACUGUGAAGCUUAGACAGAAG,1
P65,GCAGUCGGUUAUUUAAAAAAACCCUAAUCUCAGGGACGCUC,1
P66,GGGGAUGGUGAGAGAAAAGAACCGAGAGUGACAGUGGGAAU,1
P67,UUGGAACCUGCUGGAAGGGGACAGUACUGCUUCCUUCCUGC,1
P68,GCGGUCAAGUGUGUUCUCGAACCCUCAACCCCUCUGCUUUC,1
P69,AAAUAGUCCCCCAGCUAUGGACCCACCAAGAAGCCACAGCA,1
P70,AAGGCAAGUGCAGGCAACUGACUGCAGAAUGGUAUGAAGGA,1
P71,CCAGCUCAGAAACUGCCCUGACUUCAAAACAAGGCAAGUGC,1
P72,GGUCCCCAUCUAUAAAUGAAACAAAUGGGGCCUCAGAGUUU,1
P73,ACAACAGCUGGGAACCUAGAACAGACAGGGGAACAGGAGAA,1
P74,CAGACCAACUAAGCCACUGGACAGGAACACCCUCCAACCUA,1
P75,CCAUUGCAUUCUGGUCCAAGACAUGAAGCCUCUUUCCUAGU,1
P76,GGUUGCUUUCUUCUUGUGAGACUCCCAAGUGUCUAUCUUCU,1
P77,UAUCACUAGUUUAUCCGUGGACCCCCUAAAAUGUGGAAUUA,1
P78,AUUCUGAAUGGAAUUUGAAAACUGUUAUCACUAGUUUAUCC,1
P79,UAUGGCCUCUUGGUUCAUUGACUGUUCUUACACACGCACAC,1
P80,GUUUCCCUGCACAGAGGCAGACAGCAAAUAUGUUAGGCUUU,1
P81,UAACUAGUGUGUGACACUGAACAAAUUGUCGUUGUUAUUAA,1
P82,CACUCCCACACGACUUUGUAACUAGUGUGUGACACUGAACA,1
P83,CCAGAUGAGGACUGUGGCAGACUUGAGGGUCACGAGGAUUU,1
P84,GCUUUCUGUAAGAUUAGCUAACUGGCCCCAGAUGAGGACUG,1
P85,UACCGUUGAUUAAAAAAAAAACAAAAAAAAAAAACGAUAUA,1
P86,AUGAACGAAUUAAUAUUUUAACAGUGUAGGUACAAUUUAUG,1
P87,GGCUCUGAGUUUGACCCAAGACACCAAAAAUGAAUGAAUGA,1
P88,GGGAACUAUGAGAAGCAUUAACUAAGGUUUAAGAUUUUUUU,1
P89,GUAGAGUUUUACUGAUAGUGACUUUUAAAGUAUAAAUGUAA,1
P90,ACCUAAUUGGGGAAGUUUAGACUGAUGCUAUAGUAGAGUUU,1
P91,AGCCCUAAAGAAACUGGAAAACAAUAGCCUUGGGAGACACU,1
P92,UAUAAAAUGGCUUGUUGUGGACUGUCUUGUUAAUAAUUUAU,1
P93,UAUUUAUAGCUGCAACUAAAACAUAUAUAUAUAUAUAUAUA,1
P94,UGGCUUCAUUGGGUAGGUAGACACUGUAGCAAGGUUCUCUU,1
P95,CAUGGAAUAUCGCCCAAGGAACCUGGGGAAAUGUAUCUUUC,1
P96,AAAAAUUGUGUGACUCUUUGACACAGUUGGGAUUUGCUGUA,1
P97,AGAAUUUCCAAAAUGGGAUGACAUAAAAGAAAAUAAUUUUA,1
P98,UAGAAGCUGUAAUCAAUGAGACAAUAAUAAAAAUAAGAAUU,1
P99,GGCCAGGGCUGCACAGAGAAACCCUGUCUCAAAAAACAAAG,1
P100,AAAAACAAAGAAACAAACAAACAAACAAACAAACAACAACA,1
P101,UGAGACAAGGUCUCACAUAGACCACAAGAACCAGGAACCUU,1
P102,CUUAUGUAUAGCUAAGGGUGACCUCCUGCACCGACAUCCUA,1
P103,UACAGGCAUAUGUCACCAUGACUGGUUACGCCUUGAGCCCA,1
P104,UUUUAAGGAUUUUAGGGAAAACUAAAAACAUUCUUAUCACA,1
P105,GAAGUCUUUGAUCUGCUUGGACUUGUGUUCUGUGCAGGUGA,1
P106,GUAGUCAAGCAUCAUACUGAACUUCUGAUGCUCCUGACUCU,1
P107,GUAGACCAAGCUAGCCUCGAACUUAGGGAGUAGUCAAGCAU,1
P108,CUUUGAGAUGGAAUAUCAAGACAGUUUGAGGAUACGGUUCU,1
P109,ACCAGAGUUCCCUGCUCCUAACAUCCCCACCAGCUGUUGUU,1
P110,AGUCCCUCCAUGCAGUGCUAACUUGGAAUCCUCCAGGUGUA,1
P111,GAAAAAUGCCCCGUGCACUGACUUCUGAGUCUCUUACUUUG,1
P112,CUCCCCUUCCUGCUUUAGUGACACAUAUUCCAUUACCCUCC,1
P113,UGCCCCCCUUUGCCCCACAAACACUCCCCUUCCUGCUUUAG,1
P114,UUUAAAACAUUAAUUUUAUGACAAGCAUACAAAGAAGUGAG,1
P115,AACAUUUCUGAGAAGGUCAAACUCAUUUCAAAGAAAAGCAA,1
P116,CUGGUGACAUCCUCCCUAAGACAGAACUAUACCUGGGUCUG,1
P117,GAGCGUGGAUGUAGAGGUGGACAACCUUCCCUGGAAGAGCC,1
P118,GGAGCAAGAGCAAGAGCUAGACUCCCUUCUUCCAAUGUCCU,1
P119,AUCCACCCCUUGUCAACUUGACACAAAUAAUAUCUCAUGUU,1
P120,AUAUCUCAUGUUCACAUGAAACAAUAACAAGGUUGUAAAUA,1
P121,AAUACGCCUAACAUGAUAUAACUAUCCCUCGUACAAUCGCA,1
P122,GCAGGAAAGGCAAAUCCAUAACCAGAAUAAGUAUCUACUCC,1
P123,CAUGUGCCCAUUGAGCAAUGACAGGGAUGGCUGGGGAGAGA,1
P124,CGGUCAGUUGAUCAUAGGGAACACCCCAUGAGGCUAUAGGU,1
P125,AACUUGCUUGUGCCUUCAGGACCUGCUCUGGCCCGAUCACG,1
P126,GUAGUUCAGGUCGCAUAGUGACUUGGUGUCCUAUUGUCAGA,1
P127,GGUUAGGGCUUCCACCUCUGACCUUUGGGGAUGGGAAUAGG,1
P128,UCUUUGGGCAGAGAGAGCAAACUUUCCCUGGUCCCUCCCCC,1
P129,AGUUACCAGUGUCUCCACUAACCAAUUUAGGAUACGCCAUU,1
P130,GCCUACUAUUUACAAUAAGGACAUUACUAUAGCACAAAAUU,1
P131,GGAGCCGACCAACUCUGAGGACAACCAAAGCUGACUAAGCU,1
P132,ACAUGAUGCGAUAGUCGAGAACAAUUACAUCCCUACCUCUU,1
P133,ACAUAUUUACUAAAUUAAAAACAUCACCAUGGGUGGUGGUA,1
P134,UAGAUUUGAGAAAGAAAGAAACCAAAUACUUCACACAUAUU,1
P135,GAGUGAGAUGGACUGACAGAACAGGACAUUCAACAUCCUCC,1
P136,CACCCCAGGUCCCAUAAGAGACAGAGUGAGAUGGACUGACA,1
P137,CUUGCUGCACACCUAUGCAGACCCGAGUUCUAAUACCAUGU,1
P138,UGUUGUUUUUGUUUUUUGAGACAGGGUUUCUCUGUGUAGCU,1
P139,AUAGCAAGGAGUGCAUGAGGACAAAUCAUCUGGAGCUAAGC,1
P140,UCUCUUUCUCUCUGCCUGAAACAACCCAAGAUUCUCCAGGG,1
P141,CUCCCUGAAAUGAACCAAAGACUGACGAUGUAACGGGUUUU,1
P142,AAUUCUACAAGGUCUCUGAAACUGAGGCACAAACUACUUUG,1
P143,AAAAAUGGAAAAAACUGAGAACCAGUCCCGGGUCCAGCAAG,1
P144,AUUAGCUUUAUUUUGGAAUGACUUUCUCCAUCUAUUGUGAU,1
P145,GAUAGAUGGAUAGAUAGAUAACAGAUGGAUGGAUAGAUGGA,1
P146,UGGUGUGAAUCCACUUGUUAACAGAGGGCUGGCUAAUUAUU,1
P147,UUAGGGAUCCUAGAAAAGGAACUACGUGGGUAAUUUCUAAC,1
P148,AUUUCCGAUUUGCCCAGAAGACUCUGGGCAACCAGAUUUUU,1
P149,AAAUGUGGAGUGAAAUAGGGACAAGCUGAACCACAGUAAUG,1
P150,AUCCCUUUUGCUAUCCCAGGACUGGAUCUAGGAAAGGGAGA,1
P151,UGUGGAAUCCGCUCCUCUUGACUGCAUGACCUUGUCUCCAA,1
P152,GAAAACCACCCAACUGCUAAACUGGCACUGCAAUGUUAGGA,1
P153,CUUAAAGAAAUGCUGUUGAGACAGAGAAAACCACCCAACUG,1
P154,GUUUCAGUGCCAUAGCUUAAACUUUUAUUUUUUUCCUGUCA,1
P155,UGGUGGAGCUGGGAGAAAGGACCAGUUUCCAUUCUUUUGUU,1
P156,GCAAUAACAUUAGCCCAGUAACCAUUGAUCAUUGUGCUGGU,1
P157,AAUUAUAUACACCAGGCUGGACUAUGGGUAUAUUUGUGAGA,1
P158,GACCCAAUCCAUUGUGGGUGACACACUUUAGGGGCUUAUCC,1
P159,AAAGAAACAAGUAAGGAAGGACAUGCUUAUUAUCUCUUUGC,1
P160,AAGAUCAGUCAGUGCUCUUAACCACUGAGCCAUCUUUCCAA,1
P161,AAAUUGUAUAUGUUAAAUGAACUAUUUCUUCCCUAAACUAU,1
P162,AAAAAAAGAGGUUUCUAAUAACACAACACUUGCAUUUAAGA,1
P163,AUAAUAUAAAUAUAGUACAAACAAAAGUGGAUAAUCUCUGC,1
P164,UGGAUAAUCUCUGCAGUAAAACCUGUAAAGCGAAGCACUGC,1
P165,CUUUGUUGUAACACUAUGUGACUCCAUAAUUUUAUGGAGAA,1
P166,GUGACCGAUGUAGAACAUGGACCCUAUGCAGUUUUAAAGUA,1
P167,CUCCGGUGAGAGAGAUUGAAACCAUUUCCUCUAGAUGGAAG,1
P168,GUCAAGAAGAUAAUAACAGAACUGCACUCCUCCGGUGAGAG,1
P169,CUUGGGCUGACCAUGUAAGAACCCUGGUAGAGGCAACUAGA,1
P170,GAUGGGCUAUGCUCUGGUGGACCCCACUGUUAGUCUGAGCA,1
P171,AAAGAACAUAUCCUCUGUGAACCAUUCAAAGGAAGGAUAUU,1
P172,GGCUACACCUUUUGCUGGAGACAAUAUAAGGACAUUGGAAG,1
P173,UUAAAGUCUAUAAGUAGGAGACUGUAAUUUUAGAGGUGGCC,1
P174,AAAAGACCAAGUAAAAGAAAACCUUAUAGUUUAAAGUCUAU,1
P175,UGAGGAGUCGUAGGCACAUAACAUUUAUUUUUAAUUAUUUU,1
P176,AACAAGAUAGGUCCCUGGGGACCAAUUUGAUAACAUGUCAA,1
P177,GUUAACAGGAGAGCCCGAUGACCCUCCUUCCUUCUCAACAG,1
P178,UUAGACAAGAUUGCUGUCUAACUCACUGGUGUGAGCUGCCC,1
P179,AAUUAUGAACACUAUACCAAACUGCAGUUCUUGUUUAUUUA,1
P180,UCUCCUUUCCAAAAUUUGGAACUUCUUGGUAACUCAAUUUU,1
P181,ACACACACACAUACAUACAGACAUGUGUGCAUGUGUGUGUG,1
P182,ACUAUAAUCAAGUAGAGAGAACAAUGCCAAAAGACAGUCGU,1
P183,CAGACAUAUAUGUAGGUGAAACACCAAGCACAUAAAAUAAG,1
P184,CAGCACCCAUAUAACUCGAAACUCUCAGUAACUCCAGUUCC,1
P185,CUGUUCCCCAUCCCUGGAAGACUUUUUUUUCAUAUUUUAUU,1
P186,CGUGGGUACCAGUGUCUCAGACUACCUCAACGACUACAUGU,1
P187,AGUCAUGCUGCACCAAAGGGACUGGUCCCAGCCUAUCUCCA,1
P188,ACGCCUGCUUGUAUGCGCGGACCAGUCUUGUAUGCUUCUGG,1
P189,GUAUGUCAGUUGCGCAUUUGACACAUUUUCAGGGGUUCCGC,1
P190,UAAGGGCCUGAGCGCCUGAGACUGUCCCAGCUCACCCUGAC,1
P191,CACAUUCUGCCAUCCAGUGAACCCCAGAAAACUUCAUAGGU,1
P192,GUACUGUGGGAAAGAAAUAGACCGUUUUCUCCUCUUCCUUU,1
P193,GCACAGUAAAAUCCUUCCUGACAAAGAGAGAGGGGGGGAGA,1
P194,UGCUGGGAUUUGAACUUCGGACCUUCGGAAGAGCAGUCGGG,1
P195,CACCCUAGCCUAGUUAGUGAACCCCAGUCCUAGAGAGAGAC,1
P196,AAGAUACAAGACUGUACAAGACUGUACAAGACUAAAGAAGG,1
P197,GUGGGGCUGGUACAGGGGGAACUGGGAGCUGGGCCAGGCCU,1
P198,UCAAGGUACAUAUUAAUGGGACUCAGUACGCACCGAGCCUC,1
P199,AGUUCAAGACCAGACAGGUGACAGAGUGAGACCCUGUCUCA,1
P200,CACAUCAAAUGAAGAAGGGGACUGUAGCCUGAAGGGUGCAG,1
P201,CCACGAUGGAUCCAACGGAAACAUACAUGUUGACCCCCAUU,1
P202,UGCGUUCUUGGUCAACGAGGACUGUUGAACAACCUUGAGAA,1
P203,CCUUCCAUAUAGUUAGUAGAACCAAGCAUUAAACACUGGGC,1
P204,UAUGGAGGACAACUCGGGGAACCAAGUAAGAACUAGUUUCU,1
P205,UCCCGCCCCGGGUGAGAGAGACAGCCCCGGAGGCCCUCCAG,1
P206,GAUUUGACUUUACUGUUGAAACUGAAGCUUGGCAGACAGAG,1
P207,GAAAGAAAUUAGAUUCAGGGACUUCUUUCUCCCCCUCACCU,1
P208,UGUCAUUUGGAAUUCUGGGAACUUUUCAGGGAGUAUAUAAA,1
P209,CUUCGCAGCAGCUGACUGUGACUUGCCUCACGCUCUAGCAG,1
P210,GUGGGGGGAGGGUAUGGGGGACUUUUGGGAUAGCAUUGUAA,1
P211,CCAUGGUACCCUGUCUGCAGACAUCUUCUUACCUAAGAAUC,1
P212,GGCAUUGAGAGGGGGAGCUGACAUUCAAUCUUUAGUGAACA,1
P213,ACUAUUCCUACUUCUUUAAGACUCGGGUUGCUCAAUAUAGA,1
P214,AAAAUGUACACUUUGUAUGAACAUAUGCAUGCCAUGUGUGU,1
P215,UAUCUGUUCAUAGCACUAAAACCCUAAGUAAGACAAUUAGU,1
P216,UGAACCUCUGAACCUGUAAAACCAGCCCCAAUUAAAUGUUG,1
P217,AUGAAAUCUCUAAAGGAUAGACUGCAGUCUUUAGAACUCAG,1
P218,AAAAAGUGGUAAUCCAUAAAACAUGAUUAGAAAUGUUUCAU,1
P219,GAGGCCUAUUGGACUUGCAAACUUUAUAUGCCCCAGUACAG,1
P220,GGAGGACUUGGCGCGCAAGGACUACCACUACCUGCGCGACU,1
P221,GUAUAAAAUAUCUUGGCGUAACUCUAACUAAGGAGGUGAAA,1
P222,UAUGAUAGUAUAUAUAAGUGACCCUAAAAAUUCUACCAGAG,1
P223,CCACUAAAAUCAGGGACUAGACAAGGCUGCCCACUUUCUCC,1
P224,UGGCAUAACUCAGAGCACAGACCUGUAGAUUGAUCCCCCCA,1
P225,UGAUCCCCCCAUUUCCAAGGACUGUUUUCACUGGAAUCAAA,1
P226,CAAUUCACCUUUGUAUUGUAACAUCCCUUUUGUUUUUCUCU,1
P227,GAUAUAAUGCAAAGCAGAAAACAUCUUCAAUAAAUGAUGUU,1
P228,CAAGUCCAAGUGGAUACAGGACCUCAACCUAAAAUCAGAUA,1
P229,GGUAACCCAAACACAAAGGAACUUGCACAAUAUGUACUCAC,1
P230,AUUCCUAGGCAAAUGGAUGGACCUGGAGGGCAUCAUCCUGA,1
P231,ACAAAGAUAAAGAACUUCAGACCAAUUUCCCUUAUGAAUAU,1
P232,UACUGCUAACGCCUGACAACACACCUGCAUCGGUUAGAGCU,1
P233,AGCCAGUUCUUUAUUAGAGGACUUUGCAUAAAUUCUGUUUU,1
P234,UCUGGGUACAGGGGUGUAAGACCAUCCCCCAGGGCUGAGGG,1
P235,GCGAUCAAGGAAGACGCUUGACCUGUUCUGGCCCACACAUG,1
P236,CAGAAAACAGUGGUAUUGAGACCUCUCUCCUGGUAUAGGGG,1
P237,UCCGUGGGCUGCCACACAUGACUUCCUAGGGCAGGGCAGCA,1
P238,CUUGUUUAUUUUCUCAAAGAACCAGCUCUUCCAUUGGUUGA,1
P239,GUCCACCUCUAGGGACAAAGACCAGGAGGAGGAGGAGGAGC,1
P240,UUUCCUGAGCUCUUCUUCUGACUUCCUUGUCUGUAUCACUG,1
P241,CGGAGGCUUCGGAGCUAGGAACCGGGCGGGAGGAGCCUGGG,1
P242,AGCCUCUAUUUUCUUUCAAAACCUCUUUAUGCAAGCAAGGU,1
P243,UGUGGCAGGGUUUUCGCUUAACCCCCCCCCCCCCCCCCCCC,1
P244,GCUUGGGCCUUUUCCAGCAAACCAAGCUCUCUCUAGCCCAG,1
P245,UGGAAGUGUAAGCCGAAUAAACCCUUUCCUCCCCAACUUGC,1
P246,AUUUCACCCACUCAGGGUAAACCUAAAUGGGAGACACACAA,1
P247,UUAAGCAUUAGAGGACAAGGACCCCAGACACGACGACAAUG,1
P248,CUCUCUAGUCCCUAUAUCAAACUUUUAAAACUCAAGUAAAG,1
P249,UGAUAUGGUGUGCCCCAUAGACCACUGUACUUACGUCAUUU,1
P250,UAGCUCUUCUCCGUUCCCGGACAGACAGCCUGUUAGAGGAC,1
P251,GUGUGUAUACAUACAUGCAGACAAACACUCAUAUACAAGAA,1
P252,UAUCUUUAUAUAAAAUAAGAACAUAGUGGAAAGGCAUGCUA,1
P253,GGGCAAUCAAUUACAAUAAAACUACCUACAACUGUAAACUG,1
P254,CUUCUACACACAAAAGUAAAACAAAUCUUUUUUUUUUUUUU,1
P255,GAAGGUGAAACCAUUGAGAGACCAGCAGAAGUUGGCAGGAA,1
P256,AUGGGAAAUAUGAUUGGAGAACAAUGAUAUGCAUUAUGUCA,1
P257,UGAAGGUUAUUAGGUGAGGGACAGGAUUUAGCUGGCUGUCA,1
P258,GGGUCCCUGUUACUUAAAAGACUUGCUAGAGUCAUGUGAUA,1
P259,GCUGGCAGCUGCGGAAAUGAACUGCCUCGUGCUGACUGUGA,1
P260,CACACACACGAAAACACAAGACCCUAUGGUAUUUCAUAAUU,1
P261,GUGAUAGAAGAAGACACCUAACAUUACCUUUUUGCCUUCAA,1
P262,GUGUAACCCCAAUCCUGGGGACUCAGAGACAGGGCUUCAUU,1
P263,AGAGAUUCACAACCAGAAAGACUUUUCUCCUGGCCUAGCCU,1
P264,AAUUCCCUCACGGGGAGUGAACAGGACACACACAUACAAAA,1
P265,ACAGGCUUACCUGAACUCAAACUCUUUUCUAAAACUAUUUU,1
P266,AAUGUAGCCAAGGUAAUAGAACCGACUGUUGUGUGCAAUGU,1
P267,ACUUGGACCUGUAAUCUCAAACCAGGAUGCCAAGACCUAUU,1
P268,UAUUUAUGACGUUUGAUGGAACCCAUAGUCUUUCAUCACGU,1
P269,AUACUAAAUUAGCAUACAAAACUAUUUCUAGGGGCUCAAAG,1
P270,CUCAGCUUACUUUCUUAUAGACCCCAUGAAUUAAGCUAGUA,1
P271,CAAAAAACACAUUUGCAAAAACUAGGCUUUUGACUCAGAAC,1
P272,ACAAUAUCAUUACAGAGGUAACUCAAUUUACACAGAUGUAU,1
P273,ACCAGAUGUGCUGUGUGCAAACCAAAUUGUUGUGGAUCAAA,1
P274,CAUCUGUGAUGCCUACGAUGACUUAAGAGAUUGGCAUUUAU,1
P275,AGUUCCCAAUCGACACAAUAACUACACACCCGAGAUGGAUC,1
P276,UUUAAGCAAGUGACCAUAUGACAUUUAAGAGCUUAUAGAAC,1
P277,CUUUUUGUAGGCCCCAGGAAACAAAGAACAACCAAAAUAAA,1
P278,ACUUGGGUUUGGGGAAAUGGACUCAGAUCCUUGUACUAACG,1
P279,AAAGUGGCUGAGGAGGUAAAACAUGGUCCCCCACUGAGUUU,1
P280,AUAAACACUUUAUAAUUUAAACUAGUUCCUACACUUCUGGG,1
P281,CUACACUUCUGGGCUUGGGGACUCUUCCAUAAAAAAGGGGA,1
P282,GUGAUUACAGGAGCUGGUAGACCUCUUAGUGUGAUAUUUAU,1
P283,AGAUACUGGAAAAAUUACAAACAAACUGGUGUUGUCGAGAA,1
P284,AAACUUGACUCAGUAUUUGAACUUUCACAGACACGCGGAGC,1
P285,UGGGCCCUGCAAUUACUGUGACUUGUGGGGGUGGAUUCAAU,1
P286,AGUACAGAGAGAAGCAGAGGACAUUUGGGUUGAGACCAAGA,1
P287,CUAGGAGAGGAACUGCAAUAACCACAGAAGGGGGUGGGGGG,1
P288,AAUAAAAACUCCCCUACAAAACAAAAACAAACACAUAGAGU,1
P289,CCAUUACAGAUGGUUGUGAGACACCAUGGUGGUUGCUGGGG,1
P290,CAUCAGGACUUCUAAAUUUAACCUGUAUCUACCGCUUCUCU,1
P291,UUUUGCAGCACAUAUAAUUAACUCUGUAAUAGAGAUAAGAG,1
P292,UCAAGAAAACCCAAAGUGAGACAACUCUGGAGAUAGAAACC,1
P293,UAGAAGUCCUUAAAGAGGAAACACAAAAAUCCCUUAAAGGA,1
P294,GCGAGGUCCUGUCUGAGGUGACACAGAAGGGCUUGCUUGCU,1
P295,GCAAAGGCAGCCCCAGCCAAACUACUGCCCUUGGCUUCUGC,1
P296,GACCCUACACCGUCCUGCUGACCACCCCCACCGCUCUCAAA,1
P297,CGACAACCCCUCCGGCCGGAACAGCAUCAGGACCGACAUGA,1
P298,ACCCCUUAAAGAUAAGAUUAACCCGUGGGGCCCCCUAAUAA,1
P299,AUGACCGAUGCCUUUCCUAAACUGUACUUUGACUUGUGCGA,1
P300,UAGGGGACGACUGGGAUGAGACUGGACUCGGGUGUCGCACU,1
P301,CCUAGUCCUGGAAUUCACUGACACGGGCAAAAAGGCCAGCU,1
P302,CGGUGACCCGGUUCUCUUUGACCCGCCAGGUCCUCAAUAUA,1
P303,CAACCACUAACCUUCCAGGGACAGGGGGAGCUUUCUAGUUA,1
P304,GUGGGAGGAGAGGCCCUAGGACCUGGGGGUAUUUGAUGCCC,1
P305,GACACUAUGAGGAGGUGGUGACUUGAAAUACAAGCCCAUCC,1
P306,GAGUCUUUAUUAACAAGGUGACCAUGGGCCAGCAAAGGAGA,1
P307,AAACCCUGUCUCGGAAAAAAACAAAACAAAACACCCCCAAA,1
P308,GUAUUUGAUGGAUACGCAGAACAAGGGUCUUGAGCAUUUUG,1
P309,AUUUCACCACCCCCUUUCAGACUACUGACGAGUCUACAAGC,1
P310,ACGGCCACAGUAUAUUGUAAACUCUGUCUAAUCAUGGAUUG,1
P311,ACACUUGUCCUUGAAAUUAAACUUUUGGGGGAAGAGAGUGU,1
P312,UGUAUUGUUUGAGAAUUUGGACAAAGAGAAGCUUCUAGAAU,1
P313,GGCCCCACUUAGUUCCCAGAACAUUUUUUAAAGGUACAUCU,1
P314,UAUAUUGCCAUUGGCUAGGAACCAUGCCUUCAUGCCUUUAG,1
P315,ACAUCUAUGCUUUCUUUGAGACAACAGUGUAGGAUUUUUAU,1
P316,CAAUUUUUUUUAUUACAGGAACAGUUUGUAGCUAAGUUGAG,1
P317,UAUUUGCACCCAACCAAUGGACAGAAGCUGCUGACCUCUGU,1
P318,GUGAUCUUUCCAAGUCCCUGACCAUCCAGCCAAUCCAUUGG,1
P319,AAAUCUAAAUUUCAACUCAGACUGAAAGCCACGUGCUGGAA,1
P320,ACACCGAUUCUCAGAGUGUAACUUCUUUUUUAGUGGGUGAU,1
P321,AUAAUUUUAAAAUCUCCAAAACAAGUUUGAGGAGGUUUGAG,1
P322,UGGCUGUAAUGUGUAAUUUAACUGGGUGGUUUUCUUGAAAU,1
P323,UUUAGGUUUUGUUUGUCAAAACAUCAUUUACAAAAUUCAAA,1
P324,UUCAUGGAUACCAAGCCCGAACAUGAAUUUUGGUGGCGUCU,1
P325,UUGCACUAUUACUAAGCUAAACACACAGGUCUCUAUCACUC,1
P326,CACGGUUCCAGACGGGAAGGACCUGACCGAACCGGUCCGGA,1
P327,ACCUGACCGAACCGGUCCGGACCCGGCAUCCCCGGGCAGCU,1
P328,AAACCACCCGGAGGAUGUAAACCUCACCCACGCAUGUGUGA,1
P329,AUUAUUAUUAUUCAUAUCUAACACUCACCCCACAGUGUUCA,1
P330,AUAGAUAAGGAAACUGAGUGACAGCCAGGGUAACUCAUUGU,1
P331,GAAGGCAAAUGAGGAGGUAGACCCUGAUGAGACAGUCCCCU,1
P332,CUCCUGGGGCCAGCGAAAUGACUCAGUGGGUAAAGGCCCCA,1
P333,CACAGGACUAAUAGAGGAUGACAGAUGCCAUGCUGGGGACU,1
P334,UCUAUGUCAGCUUGUCACAAACUAUAGUCAUCAGAGAGGAA,1
P335,ACCCCGUUCAUGGGUGAGAAACAGCUAGUCUGACAAACCUG,1
P336,UUUUUUUAUGGACCCAGUGAACCAAUACCAGUCAUGUCUCA,1
P337,CCCGACUAACACGCCUUAAGACCCACUGAGAGGCCAUGACU,1
P338,GUGUUUGAGGUGUUGUAUGGACCAAAAUAAUCCAGCCAUAA,1
P339,ACCACCUAAAGGUUUUUGGAACUUCUAUUGAUUGAAAAUGU,1
P340,UCAGGAUGUAAGAACUAAGGACCUCUGGCUGGAGGAGGGAG,1
P341,AGACCCAUUGGAUCCUGGGAACUGGAGUUACAGGCGGUUGU,1
P342,UCACUCUGUAGACCAGGCUGACCUCGAACUCAGAAAUCUGC,1
P343,GAGCGGACUGUUCCCACAGGACUGGGUAUUACAGAACUGCA,1
P344,GUAGCUCUUACUACAUCAAGACAUGAGUUGCUCUCCUUGUC,1
P345,CGCGAAAAUUGCUCCCCCUGACAGAGAUAUAGAUUGUAAUA,1
P346,GUUUUUCCACAGGGUCAAGAACACCCGAUUUGGGUACCAGA,1
P347,UUUAAAUUUUUAAAUUCUGGACAAACAUGGUCGUUCAGCUG,1
P348,AAUUGAUAUUCGUAACAAUGACUUCUUGUCAUGACAAGAUU,1
P349,AUAGUAUAAUCAUCAAAAUGACAGGAGGAGAGAGUAAUAGA,1
P350,GUUUAGGGAGCGUGGCCAAAACUGAGGGCGGUUGGAGAUCA,1
P351,ACUGUUUCCCUCACCGCCGGACAGUCACUAUGUAGCCAUGG,1
P352,GGGAAGAUCCAACAUGAUAAACAAAUAGAGCCAAGGAGUAG,1
P353,AAUAACGUGUGCUUCGGGGGACACCAAAAGAGCAGUCACAC,1
P354,UUCUGUUUCUCUUAAAGAGGACCGGGUCACCUUGUUUGUUU,1
P355,GUGGGAAACCCUCUGAUGUAACCAUCCUCCUCUAUGACUUG,1
P356,AUUCUUGGUGGAGGCCUUUGACAUUUAUGGGACUAUGCCAC,1
P357,ACUCAUGGUGUAUUUUUGGAACAAGCCAUAGGGACUGUGAG,1
P358,UUGCAAAUUUGUCUGGAAUAACAAAAAACCUAGGAUAGCAA,1
P359,AAAUUCAUAAAACACAGAGAACCCCUUUAGUGUGACUUUUC,1
P360,GUUUUGGAGGAGGGGGAAUGACAUCAUGAAAUUUGCAGGCA,1
P361,GUGAAAAUACAUGCUAAUAAACAAAAAAGCAAGUUCUUUAU,1
P362,GAGACACUAGCAUUUAUUUAACCUCUAAAAAGUUUUCAGAA,1
P363,AACUCGAAAUAAAAAACAUAACAAAUCCGAGGUGUCUCUUG,1
P364,AGACCCAGAGUGAAUGGGGAACUGGGGAGGGGACCCUGGGG,1
P365,ACCUCACCUGGUGGGGAGGAACUUAGCCUUAAAUCCUGACC,1
P366,GAAGGGUAAGAAAUCAAGGAACCAGCUAUGGCCCCUAGGUC,1
P367,AUACCCUGUGGCUCAGUUAGACAGGAAGGGGUAUACAGUGC,1
P368,GUGGUUGUGAGUGGGAGGGGACAGUAUAGGCACAUGACCAA,1
P369,AUUUGAGAUGUGAGCUCCUAACCUCAACACAGAUAUAAGAC,1
P370,UCCCCCAAACGUUUGUUUUGACAGGAAACGUGGUGCUGCUA,1
P371,UGAGCCAGUUAGGUUUGAGGACAAGCCAGGUGUUGGUUGAA,1
P372,AAUGGAAAUGUGUGCUGUGAACCUUCCGUUUUACUAAUGAA,1
P373,UAAGCAAAUGUGUGGGUGGGACCCCAGGUCCUCCAAAGUCU,1
P374,GGGAAAACAGUGACUCUGUGACUUGAGCCCAGAAGGCAAAA,1
P375,UGAAGGGAUCGGCUUUUCUGACCCAGGUGCCAGUAAGUUCU,1
P376,GAAGAGUUGGUGAAACUAAGACCCAUAAUUGCUCCAAGUAG,1
P377,CCUACUACUAAAAUCGAGAGACAGUGCACUCUGGUACCUUU,1
P378,UUUCAUUUAGUAUGCUUUUAACAGUCCCCUCCUAAGGCUAU,1
P379,UUUCCAUGAAUCUUAGUCAAACUCAUGAAAUCCCCGUAUGU,1
P380,UUAGCUCCUCCCAGCACUAGACCAGGUGAACUGUUGCCUAG,1
P381,GUACAAAGAAAAUCUUGGUGACAGAGAGCGUAUGUAUUUAC,1
P382,UAAAUGCUGGGCUCUUCAGGACAGCCCUUAAGGCUGUGGAA,1
P383,CAGGACUGCAGAGAUUGUAAACACCUAGGAUGAGCUUUGCC,1
P384,GGUGGAUUAUUAUUAGCAAGACUAAAUAUAAAAGGUCUGGG,1
P385,AGAUAGUUUGGCAGUUGAGAACACUUCCUCCAAAAAAGUUU,1
P386,CUUUCACUUUGUGGAGCAGAACCUCACCAACUACUACGAGA,1
P387,AAUGGCGGCUUUUGUUUUUAACCUCAGCAUUGGAGAGGGCA,1
P388,UCUGUCUGGAGUUCUUUUGAACAGUGCUGUGGAAGUGUAAG,1
P389,AGACACAAACACACACGCAGACACCCCAUAGGCUCACGUGU,1
P390,GAUCCAGCAGAAGGAAAGAGACAUCAAUUACUAGGAAAAGC,1
P391,GAUGGGUCUCCACACACCUGACACUUACCCCGUCUACUCAA,1
P392,ACCCCGUCUACUCAAUCAAAACACACGCAGGAGAAACAGCA,1
P393,CGCAGGUUCCUUGCCUCAGGACCAUGACUGCGUUGGAAUGC,1
P394,CCCCCACCCCAUCUCCAGUGACCUCUACACACCUCUUCCUU,1
P395,GUGCGCAUGAAGGAAAAGAAACCACAAACCAAAUACCAGCU,1
P396,GUCUGUCCUUGGCCUUUUUAACCCAUAUAAUAAACAACCCC,1
P397,GACUAAUCCCAAAAGCCCAGACCCUGAUCCCACAGGACAAA,1
P398,CCUUUCCUACCCUGCGCUGGACUGAUUCAAGCUUCCGCCUC,1
P399,AAUAUAUGAGCCUAUGGGGGACAUUUUAAAUUCAAGAAAUA,1
P400,UUGUCAUAACAAAACACUUGACAGGAGCCAUUCGGACUUGG,1
P401,UGUUAUAUUUUGUGUAGGGAACUGAUGGGAUAUUUUAAUAC,1
P402,GUUAUUCUGAUCCAUUUUUAACUCUAAACGUGAAUUUACUU,1
P403,GAAAGACAAUUCCAUACCUGACCUCACGUGACGGAUCACAG,1
P404,GUUUAUGGGGCUUAUCCCGAACUCUAUUGCUAUUGUUUCCA,1
P405,UGGCAUCAGAAGAUCAACAGACCCAGGAUGUGUGGGUGUUA,1
P406,CCAGGAAAGUCAAACCCUUAACUCCAAGCCGAAGGUAGGGU,1
P407,AGUAUGAGCCUUGGAGGAGAACAGGGGCUUAAUAACGCCAA,1
P408,UCCAGGAGAGCAAAAACAAAACAAACAGCUCUGAAUAAUAA,1
P409,GACUGUCGUCGGCCACGCGGACUCUUCACUACGGUGGUGAU,1
P410,CAGCCUCAUACCCGGCACGAACCACACUCUUCCCGGAGCCA,1
P411,UGAACUGUUUGUUAUAUGGGACUGUGAGGAAGAGGAACCCU,1
P412,GUUUCAUCACAGCAAUAGUGACCCUAACUAAGAUGGGGAUG,1
P413,UGAGAGUCUAAUCCUGGUUGACUUCUUUGGAAAGCUGUGGA,1
P414,UUCCUCCGUCUUUCUAGAUGACCCAGAGGUAAUGGGAAGGC,1
P415,UGCAUAUAGGGUGUAUCUAGACUGGGAGGGGGGGGCAGUUU,1
P416,GAUCUUCCCUCUUUAGGUAAACCCCUUCGACGCCAGAGCUG,1
P417,GUUGGAGUCAGGGGUGGGGAACUUGGGUUCCAGAAGAGGAA,1
P418,CUUAUCUGAGCUACAUAAAAACUUGUGUCAGGCCGGGCGUG,1
P419,GCCUCUUCUGGCCUCCGUAGACAUGGACACAGAGUCAGGCA,1
P420,UUUUUUUUUUUUAACUUUAAACAACUGUGAUGGCACUCACA,1
P421,ACUGAGCCAGGGUGGUGGGAACCACAUCCUUCGCUUUUUUU,1
P422,GGCCUGGGACUCACUAUAUAACCCAGGCAAUCUUUCCUCCU,1
P423,GAGCUGGAGCGAUGGUUAAAACACUGGUUAUGUUGGGCAGU,1
P424,UAAAAUUUUUAAAAAGAAAAACCCAACAAAACCCUACUAUC,1
P425,GGCAUGUGCCACCACACCUGACCUAUGACAGCAUUUUUUUU,1
P426,UCAAUGGCAAUCUUCUGCUGACUCUUAGCAACUGCCCAUCA,1
P427,AAAGGCAGCAGUCCCUUGAGACUUUCUGCGGGAGCCAAGAG,1
P428,CACCAUUUCUCCUCCCCUUGACUCCUGGGGCAGACUGGGGU,1
P429,CAGAAGGGCUUCAUACACAAACACGGUGUCACUGAGCUGGG,1
P430,CAUAAAUGAAAUGCCAGAAAACCCCGGAACACCGACACCCC,1
P431,UUUGUGGGUGGCUCUAUGGGACUCAAGGAAAACACUGGCUA,1
P432,CCGGCUCAGUUUGGCAUUAAACCCUUGGUACAUCUUCCUUA,1
P433,GAAGCUGAGAAAGCCUCCAAACAGCCACCCCAGAGCCACCG,1
P434,UGAAUGAGCGUGGCCCUGAGACCCAACAGUCCUCAGUUCGA,1
P435,UUUUUUAAAAUACAAACAAAACAAAAUGGGGGAGAGCCAGA,1
P436,GGAGAGGAGAUGCGCCUGUAACCCCAGCACUUGGGAGGUAC,1
P437,CUCUCCGCGGACAUGGCUAGACUCGCGACGUGCGUUCCCAG,1
P438,UGGUGGUGUACGUGCGUGUGACUGAUAAGCAUGAGGAGAUU,1
P439,UGGGGCAUGCCGAGUCUAAGACUUGAUUUAUUCGUAGAAAG,1
P440,AUGGGAAACCCCUUUUUCAGACAUCACCAGUGAAGGUGUGU,1
P441,AAACCGGGGCCACCCCCAUGACUCCACAGAUCGGGUUUUUA,1
P442,GGGAGCCCGGGGAAAAGGAGACAGAAUGUGUGUCUUAGGAG,1
P443,GGAUAAAUUAUGGGAGAAAAACUCCCCCCCCUCAUUUUCAA,1
P444,UGUAAUCCCCAGAGCUGCUGACAGGCAAGCUAUGGAAACCC,1
P445,UAGGUUCCAGGGGACUAAAAACAGGAAUUUAUUUCAGCUGG,1
P446,AAACCUGGAAGAGAAGAAGGACUAGGCAGGCGAGAAAAAGA,1
P447,UAACACUCUGCUAGCGCAUAACUGGGGCCGCCUGCCCUUCG,1
P448,AAACCAUCACGAACCACGUAACUGAAAACAACAGAAAUUGA,1
P449,GUUGGGGGGGGGAAGCUGUAACAAACCAUCACGAACCACGU,1
P450,UAUCUUAAACUAUGGGGAGAACUUAUCUCAUCAGGACAGGG,1
P451,AUGUGUAAAGUAGGCACUUGACUCUGAACCCCCUCCCUAUC,1
P452,UCAGGGCUGGGGAGACUGGGACAGGUAUUGGGAACCCCUUU,1
P453,AGGUUCCUUUGUGCCAGGUAACCCAAUACGAACACCUGCAC,1
P454,CCAAAAUGUCAAUAGGUUGGACUUAAAUGUUGGGGCCUCUC,1
P455,UUGGCCAGCGUGGGGCCUGAACCAGAUUAUCAGGCUUCAUU,1
P456,GUCCAGGGCAGGGGUAAGGGACUGGUAAGGGGUGGGGGUGG,1
P457,GGGAAGGGCCAUCUAGUAAGACCAAUUGCCCUGAGCAGAGA,1
P458,AGCUCUCCAAGGUUUAGGGAACACCGCCUCCUCACUCCCAA,1
P459,AAGAAUAAGUGACAUUAUUGACCGUGUCAAAUACUUUGUUA,1
P460,UGGGCUGAGAGUAUAAAAGUACUGGUGGAACAAGGAUUCAU,1
P461,CACCUCCCAGUGUUUUACAAACAGUCCACGUGGCAGGACCG,1
P462,UUGAGUACCGAUACAUGAGAACAGGUGCAGAAAGCUGGGUU,1
P463,UUGUUGUGUCCGGCCAGCAGACCACAACCUGGGUUCUAGCC,1
P464,CACAGCAUCUUUUAUCAAAGACAUUUUUUUUUGUUUCCAGC,1
P465,GGGGAGUUUUAAAUAAUGUAACACUAAAGGCCCAUCGCUAA,1
P466,AUAGAAGUCAUGAGUUUCAAACAGAUAGGAAGACAAAGCCA,1
P467,CUUUCCACAUUUUGUAUGUAACUCUUCCUUUUGUUCCAAGG,1
P468,GUUUAACCAAACAGUUUCUGACUGGAUUUAAAGAUCAAUUC,1
P469,AGGGUGUUUUCAGAGGGGAAACUAGGAAAGUGGAUAACAUU,1
P470,GAAACAGCACAUUUCUGCAGACAGAAGUUGGUAAGAGAUUC,1
P471,CGUAGUGGAUAUAGAACCAAACCCGCAGCAAGCCAGGAAGG,1
P472,AAGUCUGCCUUGUCCAUAAGACAUCACCAAAACCCUGUAGC,1
P473,UAUGGACAGUGAAUCCGGGGACACAUUCUCCUUCAUAAAAC,1
P474,CCUAAGGCCCCCACCAGUUGACCAUGUCUCCCCAAAAUAGG,1
P475,AAACAGGCCUGGUCUCCGUAACCUUCAGGAAUGGAAAGAGC,1
P476,CGGGCUGGCUGCCCCCCUAAACCAAUUUUGCAGCGUUAUGU,1
P477,UCCUGCCAUGGCCCAGGCUGACUAGUCAAUAGCAGAGUUCC,1
P478,UUCGUCUUUAUUUUAUUUUGACUUGAGGAUCAGACACACGG,1
P479,CUACGUGAAGUCCAAGCAUAACCCAACAGAUGCUCCACCAC,1
P480,GUUCUAAUGGAGGAGUAGGAACAGGGUAGGGAAAACUCAAG,1
P481,UCAGUCGGCACCUCGUCUUGACUGGACCCCGUACAUACUGU,1
P482,CAGAGCUAGAGUACAGUUUGACUAGUCAGUCUCUCUUACAU,1
P483,UGAGAUCACCAGCCAUGUGAACCUUACAAGUACCCCUGCCC,1
P484,GAGAGAACCGUUUUUGGUAAACAAGAAUCCAGAGGCAGAAA,1
P485,AUGACCUUAUCCCCGGGGAAACCAACACUUUACUUUUUAAA,1
P486,AUUCCAUUUAUAAAAGAAUGACAUAGUCCUACCCCACAGGG,1
P487,GAUCAGGUAUGUGGAAAUUAACUGUAAAGUGUAACUUAAAU,1
P488,AUCCUUAGAGUUCAGAUGAAACAAUGGGCAGGAUACUUUCA,1
P489,AUGUUCCCAGGAAUGCUUUAACUACGGGGCAUACCCAGGUU,1
P490,UGGUGAAUAAACUGCUGAGGACUGAAAGAGAUGGGAGACCA,1
P491,GUGCUCAUACAUGUACCCAGACAUAUGUACCCACACAGUAA,1
P492,AUCCCGCAGCACGCGCUGUAACAUGUAUGUUCUUCAAGCUG,1
P493,GAUCUCCAUAAUGUUUUUAAACUUUGUCUUGAGUUUUUUGA,1
P494,UUCCUUUUAUGGGGCUGCAAACCCCUUCAGCUCCUUGUGUC,1
P495,AUAGGCAACUAGAGACACAGACAUGGGGGGGGGUACUGGUU,1
P496,AUUGGUGGCCCGUACGGGGAACCAACUUCCCCACCGAGUUC,1
P497,ACCCCAGGAGUUUAGGAAGGACCUCGGAUAAAAUAGAGGUG,1
P498,UCCGUAGGCACACUACAAUGACCAUUCUUCUGGCCCUUUGG,1
P499,AAGGUCAGCCCUGAAAAUUAACAUUAUAUGAAAUAGGCAGA,1
P500,GAUUCAAUUCUAGAUAGGGGACUACAGGAAACUAGUUAAUG,1
P501,AGGUAGUAAUAGGGCUGGGGACCAGAGCCUUAUCAGUGUCU,1
P502,UCCCGAAGAGAAACUCUGAGACCAUGAAACAGCACAGCCUG,1
P503,CUUCAUUGAUUAAGCAAGUGACACGGGUUUCAGAAUUACUG,1
P504,UCCGCCGCCCUCGAAAGUAAACUUUGCCACUCCACCCGCGG,1
P505,CCAAAGGGGUUUGUGAGGUAACUAAGAGCAGAACGAAGUCU,1
P506,CCCAGUUCCCUCCUCUUGUAACCAGUAGGCCUUGGAGAAAA,1
P507,GGGAGAGAACCCACACUGGAACCGAGGUGCUAAUUUAAGUA,1
P508,UUUCCUCACUGGCUUCCCAGACUGUAGGUGUGCAUUUGUUG,1
P509,AUCAAUUGAGCACACCAAAGACACCGGGAAAGAAAAAAAAA,1
P510,UCGAUGACUGAUGAACGUGAACCCCCGAGGAACACUCUGGA,1
P511,GGGGAAAAAAAAAAAAAAAAACAGAUGGGAAGGGGCUGGAG,1
P512,UCUAUUUUCAGUAGCCAUUGACUGCCCGGAGUUCUUCAUCU,1
P513,AUACUGAGAAAGACUUUUUGACAAAUUAGCUACCCUAGUAA,1
P514,UUUGUCUUAGAAAGAUAGUGACUGUUUGUUCCUUCUGAUUU,1
P515,AUUUUCAAAGUCUCAUCAGGACAUUCCCCCGCCCUCCAGCA,1
P516,UAUGUCAGCAGAAAUAUUAAACCACCACUUAUAAUGUGUGU,1
P517,GGUUUUAGCUUCCUUGUCAAACAUCAAAUCACGAUAGGUGU,1
P518,CUCCCCAAUCAUGAGUGAGGACACCCCCCAUUGUUAUAAAU,1
P519,CCGCACUCCAUCUACAGAGGACUAUAUCAGAGAGUGCCACG,1
P520,AGGAGUUCUCGGGCCUUGGGACAUAUGCUGCUAUAUACUCU,1
P521,AUUUUCGCUGCUACUUCAUAACUGUAAUUUUGCCGGGUGGU,1
P522,UCCAUGCCCAGCUGGGAGGGACAAAGGAAGGAAUGUCCAAU,1
P523,CACUGUAAAAUGGUCAUUGAACCCCCCAAAGUGGGUUCCCU,1
P524,CCCAACCCAGAUAAAGGAAAACCAGCCAGGAUGGUCUUUUU,1
P525,ACAGUGGGACACUGUAUUAAACUUUUUAAAAGGAGCAGCCA,1
P526,AGAGUCAGCCUUUUCAUCGGACAUUCGUCUAUGGUGUCUAU,1
P527,CUUCGAACUAAAAGAGUCUGACCAAAAAUAACAAUAACACC,1
P528,AUAAAUACCCUUCUGUGGGGACUGGGAAUGUCUCUCACCUC,1
P529,UUUUCAUUCUCCAGAUUCAAACCCUUACAGUGUCUUGAUUG,1
P530,CAAGAUGGGUUAUGACUUUGACUACCGAGGGACCGUGAAUG,1
P531,GGAGAAGAAAGAGAUGGUGAACAUGCGUGUUGGGGUUCACA,1
P532,UCGUUACACUUGGAUUUUAGACAGAAGGCCUAGGACAUGGA,1
P533,CUAAGCCCGCGAUGGGAAAGACCGAUGCGGGAAGCCGUGUG,1
P534,GAUGAGCUUUCUUCCAAAUGACAGGGGAUCUAGUCCCACGC,1
P535,AAGUCGGGAGUCUGUCAGUGACUAGAUGGGGACCAACCUAU,1
P536,AUGACGUGAGCACCCUGGAGACCGAUUUAAGGGUGACACGC,1
P537,GGGCCACCUGGGGGACCAGGACUUCUUCACCAUGAUUGGCA,1
P538,UCCGCCAUGAGAACCCCAAGACCAGAGUUGGGGACCCUCCG,1
P539,AUUAAAAGAAGGCCUCUUAGACAAGACGGAAAUUGACGAGG,1
P540,AGCUACUUCCCGCUGCAGAAACUAAAGCUUCUUUCUUUAAU,1
P541,AAAAGGAAGCUGUAUACGGAACCACUGGAGAAUCCAUUUAA,1
P542,AAGCAACCCCCCUUUCCCUAACAGUGAGUCCCCACAGAGUG,1
P543,UCCCAGCCUGCCCUGCCGGAACCCUUUUACAGACAGGACUG,1
P544,GGAUUCCACAGGGUCUUAAGACCUUGGGCUACUCCAAAGCG,1
P545,AGGCAUAAAACGUUUGUAUGACCAAUGGGCCUCUCUUUCCA,1
P546,AAAGCACAGAGACUGAGGGGACAUAACAUCACUCAGUAGGU,1
P547,ACAAUACUGUUUUGGGUGUGACCUGUGCACUACGAGUUUAC,1
P548,GGUGUGGUUUCCCGCUAAGAACUUGAAAAUGAGAACGGACC,1
P549,UAAGCUAUUGACCUAAUUGGACUCUAGAUCAGUUGUAACUA,1
P550,AAAUUAGAAGGCACAGAAGGACCGUGAUCUGAGUUCAAGCC,1
P551,UCAGUGAUAGGAGCGGUUAUACGCAUGGGAUAAAACAAUAU,1
P552,UUGGGUGGGAGGCAGUGAAGACAGUACGGUCUCCAAUCUCU,1
P553,UAUUACUGUGGUAUUCCUGGACAGUACAUAAAAACUCCCCU,1
P554,CACACUGGAUGUUAAUUAUAACAUGAAAAGGAUUUGGGUCC,1
P555,CAAGGCCUCUCUGCUUGAUGACCUUUUGAAAACUAUACUAG,1
P556,GACUUUGCAUGUGUGUGUGAACUGCGUGUGAAUGAGUCUCA,1
P557,UCAAACCGUGCUUAUGUAGGACCCCCGAUAUGGGGACCCCU,1
P558,UGUAACUCCUGUUCCAUGGGACCCAACAACCCUCACACAGA,1
P559,UUUAUAUUGCAGGUUCUGGGACUUAGAACGGGGAGAGAAUU,1
P560,UGAAAAGGGAGAGAGUAUAAACUGUGUGUGUUUCUGUAAAG,1
P561,CCAGAAACUGAUCCUAAAGGACAUGUUAUGUGCAGGCAACC,1
P562,GCCGCCAUCGUCGCAUGCUGACACCCGCUUUCCAUUUCAAC,1
P563,GCCCUCGAGGCGUCAAGGUAACUGUCUACCAGGGAGUAAGA,1
P564,GGGGCCGGGUAUGAUGACCCACAUUUACAGACUAGAGUUUC,1
P565,CAGAGCGCGGGCGGUGAGUGACCCCGCGUCGGAGGUCAGGC,1
P566,UUACAUCGCCCUGAACGAAGACCUGAAAACGUGGACGGCGG,1
P567,CUUGGAAAGUUUCUCGAGAGACUCAUUGCUUUCCCGUGGGG,1
P568,GGAAAGGGUGCGGGCUUCUUACGGUCUUGAGGGGUCUCUCC,1
P569,CACACCCCCGCGUGCGCGGUACUUUCCUCCCCUCCUGAGGG,1
P570,CGACUUUGGCCGCUCCCGCGACGCGGGCCUGCGCCGCGCGU,1
P571,CUUCCCGCGGCAGCGUUCCCACGGCUGGCGAAGUCGCGGGA,1
P572,UGGGGGGCGGCCGGGCACGUACGCGUCCGGGCGGUCACCGG,1
P573,ACGAUAUUGAAUUGGCCUUGACUCAGGAACCAGGCCCGGGG,1
P574,GACAAGAAUUUGGGGUUCAGACUCAUAGUGAUCAAUUAUUC,1
P575,GAAAUCCUUUGUGGAGCAAGACAAGUUAUAAAUAGACCUAU,1
P576,UGCUUGAAAAUCAAAACAAGACCCUCAUUGAGGAACUCAAG,1
P577,AUCACCCCCAAAAAAGGCAGACUCUGUUCACUUGAUAAGAA,1
P578,UCUGCAGCUGGAAAAAAAUGACAUAGAACUCAGUUGUUGGA,1
P579,UUACUUUUUAUAUUAUAUAAACCUCUCUGUAUAAAUACCCA,1
P580,AAAGAAUGGAAGCACAAGAAACAGUGUGUGAACAUGCUCCG,1
P581,UCACAUAAGACCAUUGGGAAACACAGACUUCCAUUGCAAUU,1
P582,GAACUAGGUGCAGGACAUGGACAAGAUGAGACCCCCUGAGC,1
P583,UGAAGACACAAUCACAGAGGACUUCUUAGUCCCCAUAAAAC,1
P584,GAAAGAUGGGGCCGGAAGAGACAGCUCCAGCCUGAGUGGGC,1
P585,UGCUGUGUGGUUGGGUGGGGACUAAUAAACUGGGAAGGAAG,1
P586,GUGGGGAAUAAGUUGCAGGGACACACCCUGGAAGAUGUGGU,1
P587,AGUUAAGUGACAUAUAGUGAACUCCACAGGCAGUGUGUGUG,1
P588,UCCUCAGUAAACACUUUCAAACCAAAUCUAAAAACACAUUA,1
P589,ACUUGUUGGUGAAAAACAAAACACUAGGCAUAUUAACCUCC,1
P590,GACUUCUUGAAGAAUUCCUGACUUGUUGGUGAAAAACAAAA,1
P591,AAAAAAAUCCCAGAUACUAGACCAGGAGAUGAAAAGUAAUU,1
P592,GCCCAAAAGAUAAAAAUAAGACUUUGCAGAAAAUGUACAGU,1
P593,CAGUGUUUUAGCAUAAGUAAACUGGGAUUGGAUCUGCCCCC,1
P594,ACGAGGUCGAAGACGAAAAUACUCAUUGGGUCGGGCUGGCC,1
P595,AGGUCAGCUACAAAACCAUGACUGGUCUCCAAAAGAAAUAA,1
P596,ACAACAGGAAUGUUCUGUUAACUGAGGGAGUACAGUUGAUU,1
P597,CUGUUAGAUAAAGGUGCCAAACUGUUUCGAUUAGUGUAUGA,1
P598,AAUGCUGGAGCAAGAGAAAAACACAGUGGGGGCGGGGGAGG,1
P599,UAGUGAUCAAGGAGGGGAGAACCCAGCCCAUUGUGGGUGGU,1
P600,GAAUUAGGCAGUAGAUGGUAACUCUUUUCAGAAGUACCAGA,1
P601,GGGGUGGGGUGGGUUAGCAAACAGCACACACAGUGCGAUAG,1
P602,UAAUACGGGUCCUCAUGUUGACCCCCACCAUAAAAUUACCA,1
P603,CCAUCUGGAGGUUUUAUAAGACACGGGAGUCCAUCAACCUU,1
P604,UUAUAAAGACAGAUUUUCAGACCCCGCCUUAGACUCCCUGA,1
P605,GAUAUUUUAUAUUAUUUGUGACUAUUGAGAAGGGUGUUGUU,1
P606,UUUUUGCCUUUGAGGUUUUGACUGUUAAGUGAUGGGAGGAA,1
P607,UAAAGCUUAUGUGUUGUUUAACUAGAACAAGGAAAGAUGGC,1
P608,AGCCCUUAAAAAGGUGAAGGACUCAGAAUGUAUUUUCCACU,1
P609,AUAGCCGAUGGCAAAGCCAAACAGGCCACCCAGCGUCAUCA,1
P610,AAGGAGGACAGAGAGUUUGGACCUUCCUGCCCCAUUGCAGG,1
P611,UUACUAUCAAAAAAUUAGUAACAUGAAUAAAAUGAAAUCAU,1
P612,GAUGGAUUUUCAUAUAUGGAACCAUCCCUGCAUCCCUGGGA,1
P613,UAAAUAUGUGAGAAAAAUAAACCUUAAGGUCAGACUCUGAA,1
P614,UAGACUCACUUCUGGAUUUAACUAGGCCUGCCAGUGUCCCU,1
P615,AAGUUACACUGAGGUGGCAAACCCACAGGGCUUGUAAAGAG,1
P616,AGUCGCCCCCCAGGAACGGAACCUUAGUGCUUCUGAGUUGC,1
P617,AUUUAUGACUCUGGACCCUAACCCUCCCCGAGCCCAUAGUU,1
P618,AAUAACAAAUGGGGGGCUGGACUGAUAGCUCGUGGGGAAGA,1
P619,CGAUCCUCAGUACUGCAUAAACUUGGUGGGAUGGUGUAAGG,1
P620,GCUCACCCGUCAGUCGAAGGACCGUUGGGACAUUCUCACCC,1
P621,UCCUCGGAUUAUCUGUAGGAACUCCAAAACUGCUCCUCAUC,1
P622,GUCUAGUGACCCCUCUAAAGACAGCAGUGGCGGUGCCCCCG,1
P623,UUCAUUCUAACUGGUGAGAAACUUAAACAAAUCCAUUAAUA,1
P624,AAGGGGAAGACAAUAUAAAGACAAUAUAAAGGAAGAUAAUA,1
P625,GAGAAACCCGGGACGAGAAAACCCGGUACGGGAGUUACCAU,1
P626,CAGAACUCUUCAGCUGGGGAACAGGGGUACCCGUAAGUAUA,1
P627,UAGUGUUUCUUUUUUUAAAAACUGAAGGGAAAAAAAAGGAA,1
P628,UUAAAUUGUGCGUAUUAAAAACCGCACAGUUGCCAACAGCA,1
P629,AUUCAUUUAGACUCAUCCAGACUUAGGGUUUUGUACUAGAA,1
P630,AAAACAAACAAAACCCCAAAACAAGCAAAAACUUACUAAAU,1
P631,GGACAGCACAACCAAGAGGAACAAGAGGGAAGGCUCUUCCU,1
P632,GGCAGAAAAAGGGAGAAAGGACCCAGGAUGGGGGAAAAACU,1
P633,AACCAGCGUUGCUCAUGGAGACCACCUCUAUGUGGUAGAAU,1
P634,AGCGCUUGGGGCAGGGGAUGACCCAUUUUUUAAUUCUUAUU,1
P635,UAGGGGAAAGUCCCCGGACCACGGGCAGAGAGUGCCGCGUG,1
P636,CUGGCCAAGAGUCACACCAGACCAAUAAAUGGACUGUAAAA,1
P637,AAUGGUUGGCCACAUGAUUGACAGGCAUAGGUAUGAUCUAU,1
P638,CUUUCUAGACUACCCACCUAACCCAGUGUAUUUUGAAAUCA,1
P639,CGGGAGGGGGCAACAGCUGGACUGUAAAUACAUUUAAAGUU,1
P640,CCUAGCUCUUUCAUAUUGUGACUAGGGAAGCUGAAGCUCAG,1
P641,UGCCCUCCGGGGGGACCUGGACCCGAGGGCCCGGUGGUGCG,1
P642,CUGAUGACUAAGGAUGUAGAACAGUUCUUUAAGUGCUUCUC,1
P643,CACUGUAAGGAGACAUUCUGACCUCAUGCUAAAGGCCUUAA,1
P644,GCGGGGGUGGGGGUGGGGGAACAAGAGUGGUUUGUCUCAAG,1
P645,UACCUACAACUCAGUGUAAGACAGCAAGGGCACCCAUGGGU,1
P646,CUGUGUUCUUCCCCUCAAAAACAUGGCAGAAAACCUCUCUC,1
P647,GAAUAAUAAUCCUCCCUCUAACCCGGGCCUCUCACUCUUUU,1
P648,GGAUGGGAUGGGGGUUUGAAACCACUUUUUUUUUUUAAGAU,1
P649,UUGUUACCUAUCUGAGAAUAACAUUUCAUCAUCUCCCCCGC,1
P650,ACCCUGGUGGAAAAUUCUAGACAUUCUCCAAAUUGGCUUCA,1
P651,GCAUCCUUUUCCCCUGAGGGACCAGCCAUAGAGUUUAUUCA,1
P652,GUGGCGUAUGCUUUAGAGAGACUUUAAUGCACUUAAUUUGA,1
P653,GGGCAUAUCAAUUAAUCUUAACCGGGGGCCAUGGAGUCCCC,1
P654,UUUCCCUAAGCCUUAAGAUAACUGCAGGUUCACCCAAGUCC,1
P655,GACAAACUGGGGGAGGCUGAACAAUGCAAUCUGACUACAAA,1
P656,GUAUCUUGAUGGUUAUCCAAACAGUCAUAGGAGGGAAGAAA,1
P657,UUUCCCAGAAGUAAAAUGUAACAUAUCCUCUGUCAUUAAAA,1
P658,GAAGCAGUUACCCUACUCUGACUGAGUAGUAACGAGGAAGG,1
P659,AACCCUGAAUGUGAGCAGAAACAUAGUUUAGGCUGGGGUCC,1
P660,GUGCACGUGGAGGUCAUGUAACAACCCGUGGGAGCUAAUUC,1
P661,AUGCCAGUGCCUGGCAAAUAACAGAAGUGGAUGCUCACAGU,1
P662,CCUCCACUCCCCACCCCCAAACCUGCUCCUGUUAAUCGAUU,1
P663,ACGCCCCGCAAACCACAUGAACACCAAUAUCAGUCAGGCAG,1
P664,CCCCACCACUGUUGUGGAGAACUGUUCUUUUAGUAUAGCAG,1
P665,UGCUAAAUAAUAAAAAAGGGACAGAAAUGGAGAUAUAAAAU,1
P666,AACAACAGCCACCUCCCCAAACCAGAGGUGUCAGCAUACGG,1
P667,AAUGGGUUGUGUAUCCCCAAACCGCCCAUAGUACAACUGUG,1
P668,UUGGGAGAGGCUGGCCUCAAACUCACAAUGUAGCAGAGGAU,1
P669,UUUUCUACAUAGACCCCGGAACUCCGAGGGGAGAUAUUUGA,1
P670,CGUCGGCGGGUGACAGACAGACCAACACUCGAGAUUGUGUA,1
P671,CAAACGAGUGCCCACAGUUGACUUCCCGUUGUUCUUGGAAU,1
P672,UUGCGGAGACCGAGUCCCUAACAGAGCCGCUUAGGGCAGAU,1
P673,AGGUUAUAGGUAUUAUCCUAACCUUGCACAAAAAACUUAAA,1
P674,UUGCACAACAGCCGCCUUUAACUCUUUUAUCAACUUGAAAU,1
P675,AGGAGGGAAGGAGGGAGUGGACAAAUGAGUGGACUGGUGAG,1
P676,GGAAUGAAUUUGGAAGGGGAACAUGUUCGGGGUAUCUGGGG,1
P677,AGAUGCUCACACCGGGGGAAACAUCUGCAGCACGCCCGCCG,1
P678,AAAAAGGAAACAUUUUCUGGACACAACAGGGCUGAUGCACG,1
P679,ACCACCCAGUGUUAUCAUAGACCAGCAUCAGCAAAGCCCAA,1
P680,GCUCUGAAAAUGAGGCUUUGACCACAGCCCAACUGUUGUUG,1
P681,ACUGUUCAUUUAUUCAAUUAACAAGUAUUUGGGGGUGCUCU,1
P682,AGCCUAGUGGAUUUUUUUAAACAGUAUGAAGUAACCUUUCU,1
P683,UGCUGUAAAGAGACGUCAUAACUAGACAAAUCUUAUAAAGG,1
P684,UUUGUUUGGUGUCCCCGGGGACUAUGAAUUAUUCUGUAGUG,1
P685,CCUAGUGUUGUGUUUUUUUAACACAUCUCCCACUGGCCAGC,1
P686,CAAGCCUCAGAGAGCAAUUAACUGUAAGGUAAAUGUGGUCU,1
P687,CUUCCUUAUUUGUGAUGUGGACAAGGAGAGAAGCCAUUAUC,1
P688,UCUGUCAAGGGACAACCGGGACAUCUUUGAGAGCGUACGUA,1
P689,CUUCUGGCCACCCCCAAGAAACUGUUAGACGAGGCUUUAUC,1
P690,AUCACCUCUAGGACAAAAUGACAUCGCAGGGUUUAUAACUU,1
P691,CCUGGGGACCCAUUCCAUAAACAACCACCAAACUCAGACAC,1
P692,CCACGGGGUUUGUGAGGAUAACCAAAUGUUAUUUCUCGUUU,1
P693,AUGGAAAAAUCCCCCUGUAAACUUAGUCAGAGUUUUGGUUC,1
P694,GUUGACAUCCAAACUGCCAAACAAGGUGGUUUGGCUAUGGG,1
P695,AGUUCCUCAUGUGGGAAUUAACCCACGCGGUAUUCGACCUC,1
P696,GUGCCUUGUGCUGCAGCUGGACUUUGUAAUGUGUGUCCCUA,1
P697,CCCGCAAGGGCCCACACGGGACUCCCCACGGGACCCUAAGA,1
P698,GGUACUCCUGAUUAGCAUAGACCAGUAGGGGAAUGAGACUU,1
P699,CGGAUAUGGUUGAGAUGCAGACCUUGGCACAGACCCCUAUC,1
P700,CGAAGUAAGAAAUACACGUGACUUCGAAGAAUAAAUCCGCC,1
P701,UGGAACUGUUGGUGGCCAGGACAUUUACUAACAAGCAGGAA,1
P702,AUUUUGAUCAAAAUGCAGAGACUAGAGAACUGUGGGGGUCC,1
P703,UGCGGGUCAAACUGGCGCAAACUACCUGUAUUCGCUCACAC,1
P704,GGUACCCUGGCACCUAUCAGACCUGGGUUAAGAGGAGCUCA,1
P705,GACUUGAGCCAUGUGGAUGGACUAUCUGCCCCAGAGGCAUG,1
P706,AACUUAGAGUCCAGGCAAAAACACCUGCCUCACUUGAUUAC,1
P707,GUAUUUACUCAAAAGCACAAACUGUUUUGACAUAAUCGUGG,1
P708,AUUGGCUGUCAUUGCAUCGGACCUACCAUAAAAACCAAAAA,1
P709,GCCGGCUCUAAAGAACCCGAACCGCAGACAGAUUCCUUUGU,1
P710,ACAGACAGAAGUACCGUCAAACAUAAGCUCGGAGAUUCCUG,1
P711,CCAAACGCAGUUAAGAGAAAACUUGAAGACACCACCUAGAA,1
P712,GCUUACUGCGCACUGGGUGGACUGUACGCAUAUUAUCUAUC,1
P713,UGAGAUUUAUGUUUAACCAAACAAAGAUGUGUUCCAUCUUA,1
P714,CCCAGCAGGCAUAGCGGUGGACUGUGCAGUGAUUUGCAUCU,1
P715,CUCAACCUCGGCUCUUGAGAACUGAAUGGCUCUUUUACAGG,1
P716,GUGUGAUCGCAGCCACAUGGACAAUGUGUGAUAAAGGUCUU,1
P717,UAAUGUAAAAGGCUUCACUAACUUUUUUUUUUUUGGUAUAU,1
P718,CACAAUCAACCAAAUCAAUGACUUAGAUCGCUUUAGCGUUA,1
P719,GAGAAGGACUAGGAGGUGUGACCUUUUUGGAGGAAGUAUCU,1
P720,AUAAGGGGUUAAUAUGAAGGACAGUUUAUACAUAAGGGGUU,1
P721,AAUUAAGCUAUCGGGCCCAUACCCCGAAAACGUUGGUUUAA,1
P722,GUAUUAUUUUUCCCAGACAUACUAGGAGACCCAGACAACUA,1
P723,CCUGCCGCGGAAGCCUAGAGACUCAAAGUCUGAGAUAAUUG,1
P724,UGUAAAAGUCCAAAGUCUUAACUGUGGGCCCCUGUUUAAAA,1
P725,GGGUCCGCGAGCCAGGAGGGACUCUGGACGGAAUAAAGACG,1
N1,UCCCUGUGAGGAGCAGGGGGACUGGCACCUCAUUUCCUCGU,0
N2,UCAAUUGAUAGAGAAAAAGGACUUGAGAAAAUCCAACACCC,0
N3,CAGCACCCGGCCCCAAUGGAACUUUUUUUUUUUAAAGAAAG,0
N4,AGAUGAUUUUAUUGCUACAAACUGAAAAGUAUUCACCUUGA,0
N5,AGUUGAAGACCAGCCUCUAGACUCCGUCUCUAAAAGAAACU,0
N6,GCCCCGACCCAGAAUCGGGGACUGGGCCCAACAACAAGGUG,0
N7,AGUUUUUUUUUUAAUUAAAAACUUUUUUUUUUUUUUUUUUU,0
N8,UCCUGCAAAUGUACCCCAGAACUUAGAGUGAAAAAAAAAAA,0
N9,GAACCCCAGUUUGGGGUCAGACUCCACCCCAAGUCCACACC,0
N10,AAUUGGUUAAGGAAGAGAAAACUUUGUUUAAAAAUGCGGAG,0
N11,CCCCAAAAGACCAGACUAAAACUCAAAACGGAAGCAUCCAU,0
N12,GAGGCAGGAGAACUGCUUGAACUUAGGAGGCAGAGGUUACA,0
N13,AGGAAAGAUGGGUAAAUUGGACUGCAUUAAAAUUGAGUUUG,0
N14,UUCGAACCCUGGGUUGAAAAACUUUCUCCUCCAGGUUUGGA,0
N15,UAACAUCUACAACUAAAAGAACUAGAGAACCAAGACCAAAC,0
N16,UCAUUCAUCUGUCAGUGAAGACUAGGGUUGCUUCCACCAUU,0
N17,AGUUGAAUUUAUAGUUAAAAACUUCCCCCACAAAACAAAAC,0
N18,UCCGACCACAAUGGAAUAAAACUAGAAAUUAAUUACAAGGA,0
N19,GUGUGGAAUUUGGGAUUCAAACUGCUGGGCGGGAAGAAUUC,0
N20,GUUCUAAGUGCAGUAUAUGGACUAUUUUAAAUUUUUAAAAA,0
N21,GUAAAAUAACGUAUUCACAAACUCCUGGGAUUUACACCUUG,0
N22,UAAUGUAGGCUACUAGCUAGACUAAUAAAGAAGAAAAGAUA,0
N23,GAAGUGUGCAUUUUGCUUAGACUCCAACUAUCACUAAUGGG,0
N24,AGCAAUAUAUAGAAUUUUGAACUUGUGAAUCCCCGGUUGAG,0
N25,UCUGCACAAAGCAAACAAAAACUCCCCUGGAGGAAUAUACC,0
N26,GGGAACAUCACACUCUGGGGACUGUUGUGGGGUUGGGGGAG,0
N27,UCUCACAAUAAAGUUCAUGGACUCCUAAUUGUUUAAGGAGA,0
N28,GGUUGAAAACAACUUAUUGGACUUUGUAAGGGCAAAUAUUG,0
N29,GUUUUGUAUUUUGCCAAUAGACUAGUGAGAGAGAAAAAGGC,0
N30,GUUGGUAGGUUGCUUGAAGAACUGUGAAAAGAGUGUUUUAU,0
N31,AAAGGGCAGCCAAUUUAUGAACUGCGUACCACGGGGAUUAU,0
N32,UCAGAGUGGUUGUUUCUGGAACUCAACGGCUUUGGGUUUUU,0
N33,AUAUUAGGGAGGAAACUUAGACUCGUUGAGCUCUGCAAGAG,0
N34,CGAAGGAAUGAAUGAAAGAGACUUCCUUGCCUUUCUUGUAU,0
N35,UAACAUUUUCAAGGUUCAAGACUUUGUAGUAUCAUCAUGAG,0
N36,UGAGUGAUUAGAGGGUUGGAACUCUCAGCCCACCUGCCCAC,0
N37,AAUGCUCCUGACUGGGUGGAACUUUGCUAAGUAAGAACCGC,0
N38,UUGGCCUUCCAAACCCAAAAACUUAUCAGAUCAAAAGAAGA,0
N39,CAAGCUCCCGAGUAGCUGGGACUACAGGCGCGCGCCACCAC,0
N40,AGGGCAGAGAAAGGAGGAGAACUUAAUGCAACAAGCAAGAU,0
N41,UUUGUUGUGCCAAUUUGGAAACUGGGAAUCAGAGAGGUUGA,0
N42,UUUAUUCUUACUUUUUAGGAACUGCGGCCCCCAACUGUUAU,0
N43,CCUGGGCUACCGUUCUCCAAACUCUAGGUCAAGUUGAGGAA,0
N44,UCAAGUCACAUUCCACAAAGACUAGUAGCAAAUUAUUUUUG,0
N45,CUUAAUAAUCAACCUCCUGAACUCUUUUUCUGGCAAUUCAG,0
N46,CCGGCCCUCAUGGUGGGCAGACUUCUGCUGGGGCGAUAUUG,0
N47,GAGCCCCACGUCUCAUGAGAACUGAUAAUGCCUCCCUAAUG,0
N48,UAAGUUUUUUACCUGAAGAGACUUUUCACUAAGGGCAAUGU,0
N49,CAGCGGAUCUCUCCGCAGAAACUCUACAAGCCAGAAGAGAG,0
N50,CAUCAGCGAAUUGGUUGUGAACUGUGCUGCCGUAAGCCCAA,0
N51,AUAAAGGUGGCUCAGGCAGGACUGGGUCCCCAGAGAGAACC,0
N52,UCCCAAAUAUACCUUCGCAGACUCUACAAAAGUAGGGCUUG,0
N53,UGCGUUGAACAGAAAGAUGGACUAAAUAUAAAGAGGGAACU,0
N54,ACUGCCCCAUUGGAAUUCAAACUUGCAUGGGGCCUGUAGCU,0
N55,UUUUCUCCCUGUCCCGAGAAACUGGGAUAAUAUGAGAACUU,0
N56,ACUUCUUUCACCUUUCCUAAACUAGAAUAGGUAUUCCUGCU,0
N57,GUUAUUUGCCUGAGGAAAAAACUAACAGUAUUAAAUGGUAU,0
N58,UUAUAACGUCCUGAUCAAGGACUUGCUCAGGAAGGAGGAGU,0
N59,UUAUUUUUUUGUAGAGAUGGACUCUCACUAGAUUGCCCGGG,0
N60,GAUUUGUUUUUUUAGAGGAGACUGAAAUAACAAAGUUUAUC,0
N61,AAAUUUUGAUGGUAUGGGAAACUUCAAGGUAAGAUGUGAUU,0
N62,UAAAAGAUCAGCUUACCAGAACUAUUAUUUAUUUAACAAGA,0
N63,UAUUGAGUAUUGAGAGCAGAACUUACAGAUUUUUUUUUUUU,0
N64,UAGCGGAUGCAUCAGGAAGAACUAAUAGGAGAUAUUGUUUC,0
N65,CGGGAGGGGUGAUGACAUAGACUGAUUAUUUAAGAAUAGGU,0
N66,AGGUUUGUUAACCUAGGUAAACUUGUAUUGUGGGAGUUUUU,0
N67,AGUCAGGGUUCCCUAGGGGGACUGAACUAAAAGGAUAGAUA,0
N68,CGCUGGGGCGAGUCUCAGAGACUCUAAGACCCGACUGGGUU,0
N69,GAGGACACCAAUCAUAUGGGACUAAAGCCCCACCUUUGUGA,0
N70,AUUUUAAAGGAGUGAAAAAGACUGCGGUGUGUGCAGUUUUC,0
N71,UUUUGGAGCGUACGGCUUAGACUCAAGGCCCAAACUAGGCC,0
N72,AGUUCAUCAAAAACGUAGAAACUAAAAAGGAAGAGAUAUGU,0
N73,AAAGUAGGUGGAGGAGGCAAACUUUUAAUUUGUGUCUUUCU,0
N74,AAGCCUGGUAAGUAGAACAAACUGGAAUUAUGCUAUUGUUA,0
N75,GGCACAAAUAAGUUGUUUGGACUACUUAAUAAACAAAACUA,0
N76,UCUCGACAGAAAAUUUUAAAACUAGCUGGGCGUGGUGGUGC,0
N77,CAGAGACCAGGGCAGAGGGGACUGGAUCCAAGAAGGCACUC,0
N78,AAUCCUGUGAGGUCCCCGGAACUGCGUUCACCCAUCAGGGU,0
N79,UUGAGCUUUGACACUUCUAAACUGUGUGGCCUUUGAAACUU,0
N80,UUAAAGAACCUCCCAGUAGGACUAACGCUUGUGAAAAAGUU,0
N81,GGGAACCACCUCAUUCUCAGACUAUGAGCUUUAGGCAGGGG,0
N82,GAAGACGGGUAUAGGGAGAGACUUGCUAAAGGAUACAAAAU,0
N83,CAAAAAAUUUAGGAGGAGGGACUUCUCCCUAACAAUCUGAG,0
N84,UAAAGAAAGGCAAGAGAGGAACUAAUCGAUACCAGCACCCC,0
N85,GUCCCUGUUUGAAAAGCGAAACUAGUUUUUUUAAUUAAAAA,0
N86,CAUCACUGGUAAGUGAUGGAACUGGAAUAAAAAACCCAGUC,0
N87,UAUUAAGUAAAAGUGAAGAAACUGCCUCUGUGGAAGGAACU,0
N88,GGAGAAAAAAUCUAGUUCAGACUGUUGCUGUCAGGUGGAUA,0
N89,ACAGUCUGAAGGGGAAAUAGACUUUCCGAUAAAUAAUUAUG,0
N90,AGGGAAAAAAAUUAAUUCAAACUUUUUAAGAAAUUAUAAAG,0
N91,GGAGAAAAACACUUCGGAAAACUUCUAUCUACAGCAAUUUA,0
N92,AUGUGUGAUGUCUCCCCCAGACUCCCAGCUUUAAAAUUUCU,0
N93,UCAAAUACAUUUUUUUUAAAACUGGUAGUGCCAAAUGUUGG,0
N94,UUGCCCCCUAGGAAAGCGGGACUUGCCGCUAAGGGUGAAGG,0
N95,AUUAUGGGAAAUGUAAUAAAACUUUCUGGAAGAGAGGGCAU,0
N96,AUUUUAAACACAUCCAAAAGACUGGGAAAAUCAAAAUCCCU,0
N97,GGCCCGGGUCUCAAGGGUGGACUGGUAGGCACCCCCGCGCC,0
N98,CUUCUUAUACGGCCUGCAGAACUGUGAGCCAAAUAAACCUU,0
N99,AGCAGAGACUUCAAUUAAAGACUAAUCCAAGUCAGAUGAAG,0
N100,AUGGAAGGAGGGUGUUAUGAACUGAAAGUGUGUCCCCCUAA,0
N101,UAAGUCAGAAUUUUGAAGGAACUAAAACAAAGGGAACAGCG,0
N102,AAUAACUGACUCUUCGGAGGACUAGUGGAAAUCUGAUUGGC,0
N103,CUAAGGAAAAGGGUCCGGAAACUUAGGUGAAUAUCAGACUG,0
N104,UAGAGAGAAUUGCCUAAAAGACUUCCAGCCACUUCAUUUAG,0
N105,AACUGUACAAAAUAUUUUAAACUAUAUCAGACAAGACCUUU,0
N106,GGUGUUUUGCGUGAUUUUGGACUGGGUGGACCCCAUCCUCU,0
N107,AGCCACCGGCCUCUUCUGGGACUCGCCGGAGGGUUUCCACG,0
N108,CAUGCAAGGGUAUAAAUCAAACUUUUUUGGGGAGGUGGAAA,0
N109,UAAAACCCAAAUUCACCUAGACUACCGUUUCUUUUUCUUUC,0
N110,ACCUAAUAACCAAAUCUCAGACUUUGAAGGAACCUGAGUGU,0
N111,GUUUUAUCCGUGGACCCAAAACUCCGGCGCGGGUCACGGAC,0
N112,UUCUGAUUAAGCCUCUGGGGACUCAUAGUCCAAACAUGAAG,0
N113,UUUAGGGCCCUUCCGUAGGGACUCCCCGGUGUCUAAUACCC,0
N114,GCACCCGGCAAAGAAGGCAGACUUCUAAACCUAGAAAUUCU,0
N115,UGAAAGAAGAGAAAAGGAGGACUGAUGGGUGACCUCAUACA,0
N116,UCAUCAGAAGGUUAUUGUGAACUUGGAAGCGAGUUACUAUA,0
N117,AAACACCUCUAUGCAAAUAAACUAAAAAAUCUGGAAGAAAU,0
N118,CAUGGGAGGCAGCCCCUAAAACUUUGGAAUCUUCCAAGUGG,0
N119,GAUGACAUGGGGAACCGGGGACUGAAUCUUCCUCCCAACCC,0
N120,UUUACAACGGCAUAGGUGGAACUGGAGGUCAUUAUGUUAGG,0
N121,CAAAUCCAUAUGUGGGUGGGACUGGUGGUAGAAAAUGCAAC,0
N122,AGAUGCUAUGUCAUAUUUAAACUUCAUGAGAUCUGGCCAGG,0
N123,UUUAUAGAGCAAGGGGCUAGACUCUAGAUAUGCACUUUUUA,0
N124,AUGUGGGGUAGAAGAAGAAAACUUCGAAGGCUUAAGUAAGU,0
N125,GGUGGCAGAGGUUGCAGUAAACUGAGAUCACGCCACCACAC,0
N126,AUAAUUAAUUUAUUUUCCAAACUGCAUGAUGGGCGCGGGCC,0
N127,AGAUUCAAAAACAAAAGAAAACUGGCUGACUCACCGGCGUU,0
N128,CUCACACCUAUAGUCCCAGGACUUUGGGGUGACAAGUGGGA,0
N129,CAGACGGAAGGAAAAUCAAAACUGUAUUGGGUUGGGUUUUA,0
N130,GUGUGUGGAACCAUCCCAGGACUGGAUUCCAAUAUGAGGAG,0
N131,CUCACCAAUAUCUCCGUCAGACUGGUUUUACUCAUUCAUAU,0
N132,UCCAAAGCUGGCUGGAAAGGACUCCCCUCACCCCUCACUAC,0
N133,GUCCCAGGAAAGAAGGGAAAACUAUCAAGAGUAUUUCCAAA,0
N134,GCUUAGUCCCUUAUAAAGAGACUUGAGGGAGCUUGUUUGUG,0
N135,UCUGAAUAGGUCAGAAAGGAACUGGUAGUAAGCAGUAAUAU,0
N136,GGAGAGAGCUGUUUUUCCAAACUAUUGAGCAUGGUGACUUA,0
N137,AGAGGUGUUUAGGGCUCUAAACUUAGAUGAGGGCAUUAAUG,0
N138,UGGUAGAAUAAAAAAAAAAAACUUGCUGAAAUUAUUGUUAU,0
N139,GACCUGUCCCCUGAGGUCAAACUCCUACAACCAACCUUUAA,0
N140,UUUUGGAGAUCAGGAUAUAAACUGUCCAUGGGUACAGUAGA,0
N141,GAGCGACUAAAAUGUAUUGGACUUUUGGUUUAAUUCUAGCC,0
N142,AUAUCAUAUGGUGAUUUUAAACUUAUGUUUAGAAAAAGGGG,0
N143,AACGGGCUAAAUCCGAGGGAACUCUAAAGAGAAAGGUUAAA,0
N144,UUUGUUUCUUCUGUUAUAAGACUCUACAGGCAGGGGUGCUG,0
N145,ACUUUUAUUAGUUUUAUAAAACUGGUUUAGUUUGGGGAAGG,0
N146,GGCAGCAGCCCCAGUCAGGGACUUACAGAUAAAACCCCCAU,0
N147,GGUCAGCACCUGGGGUAGGAACUGUGGGAGUUCCUCUGGAG,0
N148,AAUUCUACUCCUAGGUAUAGACUCACGAAAACUGGAAACAU,0
N149,GGGAAGUGUGUUGUGGAUAGACUACUUCUUUGUUUGUUUUA,0
N150,UUUUCUGUACACAGAAGGGAACUUUGGGAUCUUGAGGAAAU,0
N151,UGGGAGGAAGAAAAAGAUGAACUUGGUUUUGAUCCAAGUAA,0
N152,AGCCCGGGUGACAGAGCAAGACUCCAUCUCGGGGAAAAAAA,0
N153,UCUCUACCAAAAAUACAAAAACUAGCCGGGCGAGGUGGCAU,0
N154,CAGCCUCCCAAGUAGCUGGGACUACACGCGUGCACCACCAU,0
N155,UGGGGCAGGAGGGCUCAAAAACUUGGAAGCGGAAACCGCGG,0
N156,GAGACAGACAAGAGUAGGAAACUCCAAACCCUUCGGCGGGU,0
N157,UUCAACCAUAGCAGGAGGGGACUAGGGUAAAACCCACCCCC,0
N158,AAUUAUACCGAGAAAGGAGGACUAAGUACUAGUGUGCUAUG,0
N159,GAACUACGGACUUCCUUAGAACUUAAUAUUAAAGUGGUUAG,0
N160,AAAAAAAAGUGUAAAUUAGAACUGUUUGAGAAACUGACUAC,0
N161,CUCUGUUGUUUAAUAAAAAAACUCAGAGCUUUUUAUUAUGU,0
N162,UUUUUCACACAUGAGUAAGGACUAUGUAAAAUUUAGCAUUU,0
N163,AUGCUAUUUAACCUCCCAGAACUUGUAUUUUCUCCAUCUAA,0
N164,CCACACAAUAAUAAUGGGAGACUUGAACACCCCACUGUCAA,0
N165,UUUUAGUUGCAUAUUGCAAAACUUUCUUUUUUAAAAAACUG,0
N166,AUUGACUAUAACUAGUCAAGACUUUUCGUUACAGCGUCAUG,0
N167,GAAUACAACCGAAGACACAGACUCACAGAACAGGGUUGAUG,0
N168,AGGCCUGCCUUCCUCUGUAGACUCCACCUAUGGGGGCAGGG,0
N169,GAGGAUGUGGAAAAAAGAGAACUCUUGUACACUGUUGGUAA,0
N170,AUCUACAAGAGAAAUGUGGAACUACAACCAUUUGCAGUGAU,0
N171,GUCGUCUGCCGUCUUUGGGAACUAUUCUCCCACCACGUCUG,0
N172,AUUAAACAACAUGCUCUUAAACUACCAAUGGGUCAAAAAAA,0
N173,UUGAAUUUGUUCCCACCAAAACUCAUGUUGAAAUGUGAUCC,0
N174,GAGUGCAGUGGGAAGCAAAAACUAUGGAGUAAUUUGAACUU,0
N175,UACGUGCUCCACACAUGGAAACUGAUAAAAUAUAAAAUGAG,0
N176,GGGAAAAGCCGUUGGUGUGAACUGAAAGAAUGCUUUGUUAA,0
N177,AUCUUUUAAAAUUGGUUCGGACUUGUUUUGUGGCCUAACAU,0
N178,UGGUGUCAGCCCCGACACAAACUCAGCCCCUUCCCUCAUGG,0
N179,AGGGGGGCAUUCCCCUCUAAACUGCUCCUCAGCAGUGGAUC,0
N180,AUUUUACGACUGAAAAAAAAACUAGUUUUGUUCUACUGAUU,0
N181,AGGGUGAACGCACACCUAAGACUCGGGACUUCACAAAGUUA,0
N182,GUUGCCCAGGCUGGUCUCGAACUCCUGACCUCAAAUGAUCC,0
N183,UAAUGAGACCAGUUUUUAAAACUUGGUCUUUACCAUAUAUU,0
N184,UGGGAGAACUGAAGCCGGGAACUUUAGACGAUUUGCCUAAG,0
N185,AGCAGGAUUGGCAUACUCAAACUGAGGAUUGUAGGUAUAGU,0
N186,GUGUAAGGUUGGAUUCAAGGACUAGGCAAAGUAAGGUGGGC,0
N187,UCUAAAGACUCUACCAAAAAACUCAGAACUGAUAAACGAAA,0
N188,GUAGUCUGGGGAAGUGAAAAACUUCCCUCAUGUAUGGUGUG,0
N189,GGGAAUAUCACACUCUAGGGACUGUUGUGGGGUAGGGGGAG,0
N190,GCCACCGCACCCGGCCAGAAACUUACUUGAUUAAAAUUUCU,0
N191,AGUUUAGGAGAAGGGAGGGGACUCCUCAUACAAGAGUUUUU,0
N192,CACCUGCCUUUUUGGGGAGAACUGUGGUAACAUAUGGGGAG,0
N193,AUAAGCUCCCACCUCAAGAAACUUCAAAGGGGUGAUUUUUC,0
N194,AAUGUUUAAUUUUUCAUGAAACUUUAAAAACCACACCUUUA,0
N195,CAAAAUGUUAUUUAGGUUGAACUGUAAAGGAUGAACAAGAG,0
N196,UUCUUAUGAAUUGAAGAGAAACUUUUCUUUGCGUGGGAAGC,0
N197,AACCAAAACAGCAUCCCCAAACUAAAUACAUGUUUUAUGGU,0
N198,CUCACAUGGGUUAAAUAAAAACUAAGGCCCGGUUUUUGUGA,0
N199,GGCAGUUGUGGUAAGGGAAGACUGAGGGAGGGAGUCAGAGA,0
N200,UUCCACAUACUAAUUCAUGGACUCUAACUCCUUAUUUAGAU,0
N201,GGCUUAGCAAAGAGAGAGAGACUUUGUUUGGGAGAAGGUAA,0
N202,AGCCCCUCAGUGGGAAGGAAACUUCAGAUGUAGCCCUCAGG,0
N203,AAGAGGGCAAAAGGGGCUGAACUCUCUUUUAUAAUAAGCCC,0
N204,GAGUGCUCCCUCUGCGGAGAACUCGGGGAGACAGACAGAAG,0
N205,AAGUGGUUGUUCUAAUUUAAACUCUCACCUCCUGUAUUAGU,0
N206,CGCUGGUUAGUGAUCUGGAAACUAUAUUAACGUUAGGAGAG,0
N207,UAAAAAAAGAGUGUUUCCAAACUGCCCAAUCAAAAUAAAUG,0
N208,AUAUUUGGAGCGCUUUGAAGACUUCAUUGGAAUCGCGAAUA,0
N209,UUGAAUAUCAAGGGAAAAAAACUAGAAGGCAGCUAUCUAAG,0
N210,AUCCUCACAGAGUGAUUAAAACUUGCAUUUCUUUUCUUUCC,0
N211,GACGGCGUCUCUCUAGAGGGACUGAGUUCCAAACCCCAGUG,0
N212,UUUUUUCCUAGGAGAAGAAAACUUUAUUUUAUUUUGCUCUG,0
N213,UUCCUCACGGUGGUUUCUAAACUCUCCCAAUAUUUUCAGCU,0
N214,AACCCAAGUCUGCCUCCAGAACUUUUGUGCGUUCCACACCA,0
N215,CAUCUCAAAAAAAAAAAAAAACUUGUUUCCAGCUGCUUCUG,0
N216,GAGCCUCAGGAUUUUGUGGGACUAAUAACAAAAGAUCUGAC,0
N217,CUAGGGGUACAAACAUCCAAACUAUAGCACCACUCUUUGAG,0
N218,AUUAAGAAAAAUUUGUUCAAACUUAUUUAAAAACCACAGGG,0
N219,UCAGAAAGGGGAUGAAUCAGACUGAAAUCUUGAUUGAUGAU,0
N220,GUCUCGCUCUUGUCGCCCAGACUGGAGUGCAAUGGCGCGAU,0
N221,AGGGAUUUUUGAGCACCCAAACUUUUAAAGCCUCCCUGGUU,0
N222,AGGUUCUCUGUUUAAUUUAGACUAGGCUGAACUUAGUACCC,0
N223,UUUAGAGAAAAAAUUUCUGGACUCUCUCAGGAAUCCAAUGG,0
N224,AGUGAAGGUGGCUGUUAUGGACUAAAUGUGUUUCCCCCAAA,0
N225,UGGCCCAAGGGACCCUUAAGACUGUAGAAAAAUUUUCCUGC,0
N226,AAGAACUGUCAAGAAUAAGGACUUAAAAUAGUUAAACCACG,0
N227,UUGUAUCCAGCGGUAGCCAAACUGCAAGACCUCAGCUAUGU,0
N228,CCCCCGGCACACCUCGCCAAACUCACCUUCAAACAAGGACG,0
N229,UUAAAAAAAAAAAAGUUAGGACUCCCUCCCCCUUUAAAAAA,0
N230,UACCCCUUGAACGAGAGGGAACUACCAUAUUUGAUCCACAC,0
N231,CAGCGGAUUUCUCAUUAGAAACUAUGGAGGGCCAGAACAAA,0
N232,GCUUCAAUAAAGUGGAGGGGACUUUUACCGCGGUGGAGUGA,0
N233,UUUAUUUAUAAUUGUUCCAAACUGGAAUCUACCCAAAUGCC,0
N234,GGCACCACCUGAUUUCUUGAACUUUUCUCAAAAGGCUGGGA,0
N235,UCAGAUCUCACCCACGGCAGACUGCUAGGAAGAGGGGCUUA,0
N236,CAUAGCUGGUGGGAAUGUAAACUGGUGCAGCCAAUUUGGAA,0
N237,GCUGAAAAUUUUUCUCUAAGACUAGGGGCAAGUCAGGAUGC,0
N238,GCAAAAACCGAUGAGGGCAGACUGGAAUCUAAGCUUCCACA,0
N239,AAUUUUGGCGGGGCAUCCAAACUAUAACAGGAGGAUUACUG,0
N240,AUUGUUGUAAAAGUUUAAAGACUGGUGAAAUCACUCUAGUG,0
N241,UUGGUGGUGACAGAAUGAAAACUCAUCAAACCCCACCCUUU,0
N242,UUUGUAUGAAACUACAACAGACUUUGAAUAGCCAACACAAU,0
N243,GCCCAAUAAAUUUUUAACAGACUGGUUGCUCUCAAACCCUG,0
N244,AUAGCCUAGGUGUGUAGCAGACUAUACCAUCUAGGUUUGUA,0
N245,CCCCACCCCCUUUAAAUAGAACUUACAAGUUAGAAAAUAUU,0
N246,UUUGGGGAAAUUUUGUAUAGACUAGCUUUCACGAUGUUAGG,0
N247,UAUCUAGAUUCCAGUCUAGAACUACUCCUGGGUCUACGGUA,0
N248,GGGAACAUUCAACUACUUGAACUCCUAUUCUUUAGGAGGGC,0
N249,AGGUUUGACGGGUUCUCAAGACUACCCAUAGGUUUGAUAAU,0
N250,CUUCUUGUGCCAACAACUAGACUGCAAAUAGUUACCGGGCC,0
N251,UGCCGUAAGAAAACAACCAAACUGGGUGGGUUAAAACAACA,0
N252,UAAAUGAAUUUCAUGUUUAGACUUGGACCGUAUCCCCAAGA,0
N253,ACAAGGAAUGUUUGCUCCAAACUAACAAUUCUCCUUCCUAC,0
N254,CUACUUAUAUACUUUAUGGGACUUUCAUUCGGUUGCUAUUA,0
N255,UUCUGCUACUUUUUAUUUGAACUUUUUGUUUUAGCCCAGAA,0
N256,AGGAGGAUGGGAGUCAGAAAACUAUUCAAGGAACUUCUAGU,0
N257,AGACAAAGACAAAUGAAAGAACUCCCCAUUAUUUGUAUGGC,0
N258,GUUGUGGAAUUUAUAUAGAAACUUUGAUUCUUCCAGGGAUA,0
N259,UUGACCACCACAUCAACCAGACUGUGGGAAAGGAGCCAAUU,0
N260,UUUAAGUGAUUUAUCUAAAAACUCUUUAAGGUAGACGCUAU,0
N261,CUUGAGCCCAGGAGGUGGAGACUGCAGUGAGCUGUGAUUAC,0
N262,CCCUCAUUUCCUGCUUUAAAACUCUAGCUUGGGGUGUGGGC,0
N263,UGUUGAAUAAAAGUUGUUAGACUGGAUAUCUUUGCCUUUUU,0
N264,UCUCUCACAACAAGGAGGAAACUUAGCGUUCCUUGGAGACC,0
N265,AUCAAGUGCUACCAAUUCAAACUCAUUAACAUAUCUUGCUG,0
N266,CCAAAGUGCUGGGAUUACAGACUUAAACCACCUCGCCCAGC,0
N267,GUAAUUAUUAAUAGGCAGGGACUUACUAAUGCCAUUUUGUU,0
N268,GAAAAAUUAAAGUUGAGCAAACUUUCCACUUCGUAAGUGCA,0
N269,AGUCUAUCAAAAUCACAUGGACUAAGAAUAGGGAAGGGGUU,0
N270,AUUAUUUGAAGAUGAUAUGAACUUAUAUUUGGAAAAAACCU,0
N271,GUCUGGAAUUUAAUGUACAAACUAAUCAACCAGAGCUCCUG,0
N272,UGGAGGCAGUUAUUAAAAAGACUGAAGGCAAGGGGAGUUGU,0
N273,AGUUCUUUUUAAUUCACCAAACUUUGGUGUAAUUUUUAAAG,0
N274,AUUUACAUUUUCUCCCCCAAACUAGAAGUUAAUCAAGUAUU,0
N275,UGGGGAAGGAUAAGGGGAGAACUAAACGGAGGGAUAUUUAU,0
N276,UUGGUUAAAAAAAAAAAAAGACUUUUUUUGCAACAUGUUGA,0
N277,CGUAAUCUUUACUCCUGGGAACUGUUUUGGCCAAGGAACUU,0
N278,GCCCUCACUCUUGCAAAAGGACUAUGUGUUAAUAUUUAUAC,0
N279,AUUAUAAAGGCACACAGGAAACUUUUGGAGGUGAAUAUUAU,0
N280,CAAACAGCAUUUAUUUGUAAACUAAGGGCUAACUGUUUUAU,0
N281,UAUCCUGGAAAAACAGGAGAACUAUUUUUUUUACACCAAUA,0
N282,CUUUUGUGGAAUGGAGAGAGACUCUAGUGCUACUUGUACAA,0
N283,CCAGGAGGGACUUAGCCCAAACUCCUACCCACCCAGGAGUC,0
N284,CAUGAGUUUUACGUAGUGGGACUCUGUGGGCAUUUUAGGAU,0
N285,AUGGGGGAUCGUAAACUCGAACUUCGCCGGUUAAUGGGCUU,0
N286,UAUUAACAAUGGUGCUUGGAACUCGGCAUCGAUAACACACU,0
N287,GGAAUAGUCCAGGAAGGUGGACUUUCAGAUAAGGUGACAUA,0
N288,UGUUCGUGAAGUUCCCUGGAACUGGUGAGCCGCUACCGCGC,0
N289,UAACUUGCCCACAAAGCAGAACUCUUAAGUUAGGGCAGGAC,0
N290,UAAAACUUCAGAGCUAGAAAACUCCAAGAUAGUAGAUCCCA,0
N291,GCAAUAUUUGGCGGGGUAAAACUGAUUAUUUCCCAAAAGUG,0
N292,AUUUUGGGGGUGAAGGAGAGACUGAGAAAUUCUUCCCUAAA,0
N293,ACAGGGGAAGAGAAAGCAGAACUCACCAUUUUUUGUUUCAA,0
N294,GUAUUUAAAAGUAGGAAAAAACUUGUCUAAUAAAGUUAACU,0
N295,AAUCUCCAAAUAUAUUAGAAACUCCCUGAGAACAUAGACCG,0
N296,CACAACCCUUUGAAGUAGGAACUAUUAUCAUCACGCUCAUU,0
N297,UUGCAUCCACGAAGUGUGGGACUAUGGGUGGGCAUGCACGG,0
N298,UGACCCACAAUCUGUGGCAAACUGCCCAGAAAGCCAACUCA,0
N299,CUUUGAUCUACACACGGGGGACUUCACAACCUCCCAAGGAU,0
N300,CUGGGGGGAAAGCCUAUCGAACUGCCGCAAGAGAUAGUGGC,0
N301,CUCCAAACUACCUUUGAAAAACUCUAGCCCCCAAAUUUCUU,0
N302,AUGUUUUUUUCUCCCUUAGGACUAGAAGAAAAAGUGCACUU,0
N303,CCACACAAUAAUAGUGGGAGACUUUAACACCCCACUGUCAA,0
N304,UGUACAAAAAGGGUUUAAAAACUGCUCUAUCAAAAGAAAGG,0
N305,AUAUUUGGAGCGCUUUGAAGACUUCAUUGGAAUCGCGAAUA,0
N306,UCGUGAUCCACCCGCCUCGGACUCCCAAAGUGCUGGGAUUA,0
N307,UGUGGCUUGUUGGUGGUUGAACUCCAGUGCAGAAGUUAACA,0
N308,GAAACCCUGUCUCUACUAAAACUACAAAAAUUAGCUGGGCG,0
N309,UCCCCAAGCCAGCCCCCUGGACUUUGGUUUGGCAAAGCCCC,0
N310,UUGUCCCAGCUACUCUGGAGACUGUGGUGGGAGGAUCACCU,0
N311,AUAGGAAGAAAGGAAGUCAAACUAUCUAUUUUGGCAGAUUA,0
N312,GCUGAGCCCCAUGUUUUAAAACUCCAAUGAGGUCCCAUAUU,0
N313,GAAAACUGUAAAUAUCGGGAACUUUCAAGUUGUUGUAGCCC,0
N314,GUGGGAGCUAAAUAAUAAGAACUUAUGAACACAAAGAAGGA,0
N315,AACCCAGACCUUCGGCCAAGACUUCUGAAGGGCCUCAUCAU,0
N316,UUCAAACCCCUCCUAUGAAAACUAUUUCCCUUCGUGGAGGA,0
N317,UUUGUCACAAGGCCAAGUGGACUUGAGAGAGAGGGUGGAGC,0
N318,AGCAGGUUGAUUAAUCUUAGACUUUGACACACCAUUGACUC,0
N319,GUCGUUGCUUCUUCUCCCGGACUUGUUUUUACGCCCACCCU,0
N320,GAAGUAAUGGAAACCUCUAGACUUCCUGUUUGAGAGAAUUA,0
N321,UAGUUUUUUUUUACCCUAGAACUUAUAUAGUUUGGUGAUAU,0
N322,UGGAAGUUUGAUUAUAGUAAACUUCAAGCUUUUGGCAAAAU,0
N323,GUAGGGGGUAAUGUUUCUAGACUAUUGCCAAUGAUGGCAGU,0
N324,AGGAGGCCCUGAUUGAGGGAACUUCACAUCAGAAAAGAUGC,0
N325,GCUACCUGCAAAAGUUUUGGACUUACCUCAAAGAGGAUAUA,0
N326,AUACUUGUGGUAGUAUCCAGACUGUGGAGCCCACCCUGUCU,0
N327,UCAGAACUCGGGACUAAGAAACUCACUCAAAACCACACGAU,0
N328,UAACUCAAGAUGGAUUAAAGACUUAAAUGUAAGACCUAAAA,0
N329,GAGGUGGGAGAAUCACUUGAACUGGGGAGGCGGAGGUUGCA,0
N330,GGUUCUCUUAGAGGGAUAGAACUAAUAGGAAAUAUAUAUAU,0
N331,GUCUGAAAGAUACACGCAAGACUAGGGGUUGCAGGUGAAGG,0
N332,CAGGCUCCCGAGUAGCUGGGACUACAGGCGCCCGCCAACAC,0
N333,CUGAAAACAUGGAAAUUGAAACUGUGGAUAAGGGGGGACUA,0
N334,UAAAUGAAUUUCAUAUUUAGACUUGGGUCCCAUCCCCAAUA,0
N335,AAUAAUAAUGAUUAUUAUAAACUGUAAACUAAAAUAGUGAU,0
N336,UGGCACAUUAUUACUAUAAAACUUUUUUGGGGAUAAUCUCU,0
N337,GCACCCUUUUUCAGCAAAGAACUGAAAUAAUUUGUAAAAGG,0
N338,AUAGAAGGAAACUUCUGCAAACUAAUAAGAACAUCUAUGAA,0
N339,UAGGGUGUGUUACGGGCUGAACUGUGUUCCCCCACAAAUCA,0
N340,GUGAUUAGAAGGAAUGAAAAACUGAAGCCCAGAGGUACGAC,0
N341,UGGGGUACUACCUCCUGCAAACUCUGGAGUGUGGCCAAGGG,0
N342,UAAACGCGAGGCUGCCGGGGACUGGGGAAUUGUGUUGUCUU,0
N343,GACCUAAAAUUAAGGCCAAAACUAAAUUUUUGAGAUAUAUC,0
N344,ACACAUAAUCAGGGCCCUAAACUAAACUCCGUGUCCUGUUG,0
N345,AAAAAAUAGGAUCAUUCUGAACUUUGGAAUGACCCCCUUAU,0
N346,CUGGGCUUGCAUUCUACAAAACUCCGCCAUUCACCGGGGUC,0
N347,GAAAAUUUCCCAGAUUUCAGACUUCAAAAAAGUGGGGGAAG,0
N348,CGAUAUCAGGGACUCAACGAACUGGGGGGCCUCACACCCCC,0
N349,GUGUUUUAGAGGUUUCUUAGACUGCGUGGAGGUUUCUUAGA,0
N350,AUUUGCAGCAAUCUGAAAAAACUGGCAGACAAACCGCAUAG,0
N351,UAUUUAAAAUUAAUUUUAAAACUUCCAGAAGAGAUAUUGUC,0
N352,AAGAAUAACAGACACUGGGAACUCUUUGAGGGUGAAGAUUA,0
N353,UUAGUCCCUCUUAGUGGUAAACUUUGGAGGCUGCAAUUCAG,0
N354,AAAAAGGUAUUUAGGUUUAGACUGAUGGUGGUUAAACUGUA,0
N355,CCACAUGGCAAUAACAAAAAACUGAAGGGUCCAUAAAUUAG,0
N356,UGAGCUGGGUGGUAUAAUGGACUAAAUUGUGUUCCCCCAAA,0
N357,CCUGAUAGUUAUAAUUUUGAACUGGUUUGCCUUAAAGUUCU,0
N358,UUAGAGGGGAAAAUAUCCAAACUAUAUCAUCACUGUGCUAC,0
N359,GCCUCGGGGAUUAAGUCCAAACUCCUUAACAGCCCCCGCUC,0
N360,UGUACAUGUUCUGUCCCAGAACUUAAAGAAAAAAAAAUAAA,0
N361,GGGGUUGUAUGUUGGCUCAGACUGAGGGUACCUCAAAGUUC,0
N362,CCGUUACUCCUACUGAAAAAACUCACUCCAGGUGGAAUAGU,0
N363,GAAAUCUACCAUGGCAGGAAACUGGGGUGGGGGCUAUGUAA,0
N364,UAUGACAUAAAGAAAACAAAACUGAUGGUGGUGGGAGGUCG,0
N365,AAACUAGCACAUCCGAUUAAACUUCGAGUAGCCUCCCAAAA,0
N366,UGAAGAUUUACAGUCUAAAGACUUGGGUUCAUUUCCUGGCU,0
N367,UAUUACUUUACCAGUAUCAAACUCCCCACCUGAGGUAGCAC,0
N368,UUUAUAAAAUACUACAGGAAACUAUUUUGUUGGAAUCAUUU,0
N369,AUAUGUGCCUAUGUUUCUAGACUUGCUGGCCACCUAUAAAA,0
N370,GAAGGGCAAGGGAUUGGGGAACUCCCUCCCCUAGCAAAAGG,0
N371,ACUACCUAUUAAGUUAAGGGACUUCCUCGAAAUUUACACAU,0
N372,UAGUUUCUGUGUGCUUGUAAACUUUCCAAAAUUCCUCGUUA,0
N373,ACAUAUGUAUUACCUCACAAACUUAUUUUUUCGUGGUGAGA,0
N374,AAGCCUCCAGAACUGAGAGAACUACAUAUCUCUUGUUUGUA,0
N375,CUGCACCUGGCCUAUAAGGAACUGUUUAUGUGCUAGGAACU,0
N376,AUCUUAAAAAGGGGAAGGGGACUCAUGGAUGGAGCGCAGAU,0
N377,CACUGGGACAACUAAUAUAAACUGGGUCUAUCCCAGACACA,0
N378,AAUGUCUGGUAUACGGUAAGACUGGAUGAGUGCCUCAUAAA,0
N379,UAAAUUCCUUGAAAAUAGGGACUAUUUCCUCUUUUUAUUGA,0
N380,UAAAAGGUCACCAAAUAAAAACUUUCAAAGCAAUUACUUAA,0
N381,UGAGUGAGGCUCUCUUUAGAACUCCUAGUUAUUUCGUAGGG,0
N382,CAGCCUCCCAAGGAGGUGGGACUAAAGAUGGUGUGCCACCA,0
N383,AUCACUUGAGGUAAGUUUGGACUGUAUGAGGAACUCCAUUA,0
N384,GUGUUGUAGUAUAUGACAGGACUUCCUUUUUAAGGCUGAAU,0
N385,CAAAACAAAAAUGAGGAAAAACUGCCCCCAAGCUCCAUAAA,0
N386,GCUUAUAGUAACACAAAUAAACUAAUGUAAAGUGUUCCAUU,0
N387,UCUUCCCUUCCCUCCUCCAAACUCUUUCUAAAUCAGAAUCC,0
N388,AAAAUAAUAGUUGGGGGGAGACUUGUCAUGAAUGGGAGACU,0
N389,GAGUGUAAUUAUCUAUCCAAACUAUUAGGUUCAAAUCCUGG,0
N390,CACUGUUGGUGGGGCUGUAAACUAGUUCAACCAUUGUGGAA,0
N391,UGAAAGAUUUUUUUAGGUAGACUUAUUUUUAAAGGCCGGUU,0
N392,GGGUUUUACGGCAACAGAAGACUAUGAUGAAUUCGAAUGGG,0
N393,AAUGGGAGGAACGGGCCAAGACUAUUUGCAUACUUGAACCC,0
N394,AAUUAUCGUGGUGUUGCCGAACUACCAUAUGGCAAACUUUU,0
N395,UAACAGGCUGCAUUCUAGGGACUGUGAUCUUUCAAUAGUAU,0
N396,CAGAUUGUAUGUACCAUAGAACUGUUUUCUUCCAGUAUCUA,0
N397,UAAUAACCAUCUCAAAAUAAACUCUUUCAAAAUUGAGUUUC,0
N398,UUAUUAUUCAAUCUGGGAAAACUAUAGAAACUCUCAUUUUU,0
N399,GGAUUGAGCACUGGUCAAAGACUUACGACAUUCUUUACAUU,0
N400,ACACCACAUCCCAUGGCAAAACUAAAGGGAGUUUCCCUUUC,0
N401,UUACUCUGGGGCUGGAGAAAACUUUCCUUUUAAUUAUAUUU,0
N402,ACAAUAUUAUAGGCCCCCAAACUCCAGUUUUGUUUUUUGUU,0
N403,ACAAUUACCCCAGGGUAGGAACUGGGGAGCAAGAGAGGGGG,0
N404,AUGCCAGAUGCUCUUUUUGGACUGGCUAAGCCCAAUAUAGU,0
N405,AUUUUUUUUUGUAUCCCUAGACUCCUUGAUUUUAUUUGUUU,0
N406,AAUGGGGGUUAUUACCUUGAACUCAGUUUUGCCAUGUCAUA,0
N407,UCAAUGAAGUCUAUGUCUAAACUCAUAUCUUUUACCACUAG,0
N408,GUAGAGGUUACCAAGUUCAGACUGAUGUUAUUUUUCACAUC,0
N409,CUUGAGAAAGCAACCAUUAGACUAAAUAUAGUUUAUUUUUA,0
N410,CAAAAAACAAAAAACCAAAAACUGUAAAGUGAAAUGUAAGG,0
N411,UGGCACCAUUUGCUGAAAAGACUAUUCUUUCCCUCGUUGAA,0
N412,AUGACCUUGGGGUAGGCAAAACUUUCUUUGCACACAAAAAA,0
N413,AAAAUCUGAAAACAGGGCAAACUUAAUUUAAACAAUAUAUU,0
N414,AUGGGAGAAAAUUUUUGCAAACUGCAUCCAACAAAGGUCUA,0
N415,UAGCGGAGGAAAUAUACCAGACUAGUUCAAGAGCCAAUUUC,0
N416,AGGUUUAUCCUUCCUCUUAAACUAUAAAGAGCUGGCCGGGC,0
N417,UGUUAUGGUAGCUCUAGCAAACUGAUAGGAGAGGCCUCUAG,0
N418,GGGCUGGAUUCAGAAUAAAAACUUUACAUGGCUUAUGUGAG,0
N419,CACUAAGGGGAUGAUACUAAACUAUUAGAAAACAUAACCGU,0
N420,AACUGAGAUUGCCCCACUGAACUCCAGCCUGGGCAACAGAG,0
N421,UUCUUGUUGUGAAAGAUAAAACUUUGGUAAAAAUCUGAAAA,0
N422,AAGAAUAACAGACACUGGGAACUCUUUGAGGGUGAAGAUUA,0
N423,GUUGGCCAGGCUGAACUCAAACUCCUGACCUUAUGUGAUCU,0
N424,UUCUCCACGUGUACCCCAGAACUUAAAGUAUAUAUGUGUGU,0
N425,UGUUUGGUGUAUUUGAAAGAACUCCAAGAAAUAAGAGUUUU,0
N426,GUAAAGGGUACUGUUUUGGAACUCAGCCUGCCAUAUCCAGC,0
N427,AAUUGCCCCCGAGAAUAUGGACUAAGUUACCGUUGGCACUG,0
N428,AUGUAUGGGUUUAUUUCUGGACUCUCAGUAUUUUCCAUUUA,0
N429,UCAGCAAUAGCAUUCUCCGAACUCCUCUAACGGAGAAAGAG,0
N430,CCAGGGUUAGAAUGUUGUGGACUGAAUUGCGACCCCCUCAA,0
N431,UACUUAUCUCUCUUAAGAGGACUUCAUUAGUGCCUGCUCGG,0
N432,GGGAGAAAUUAUGUUAUGGGACUUCCAAGAUUAGGUCAUAA,0
N433,GAAAUCUACCAUGGCAGGAAACUGGGGUGGGGGCUAUGUAA,0
N434,AAUAUCUCUAUAAAAUUGAGACUAUCAAUACCAAGUAUAGA,0
N435,UUAACUCCCUUCCAAAGUAAACUUUCGGGUUUUUUUCAAGU,0
N436,GGCCUUUUGAUGUUUGUUAAACUAGAAAAAUUGUCUUUAUU,0
N437,GAUAUUUAUGAUAUUGUCAGACUAUUUUCCGGAAUGGCUAU,0
N438,UUUUUAUCAGGAAAACAAAAACUCUCUUGGAAGCCCUACCC,0
N439,AUGGGGUUAUUUGGGGGAAGACUUACCCAUUGAGGGUAUUA,0
N440,AGGUGUAUUCCUACUGGGAGACUAGAGUAAAUACAUUAAAG,0
N441,UUGGGAAUAGGAGGGGGAGAACUGUGAGCUCUUAACAAAGA,0
N442,UAGUCUCUAUAAAAAUAGAGACUAUUUGUAUCUCUAUUUUU,0
N443,CCUCAUUAAGGUUUUGCAAAACUAUUCUCUCUGCCAACAGC,0
N444,GAGAGAAAGCCAGAAAGGGAACUGCCAAACACUUUUUUUUU,0
N445,GAGCAAACAGGCCAUCUAAAACUGUUAGAACAAAGAAAAUC,0
N446,UACCAGGUGUUUACUGUUAGACUUCUUACAAGGAGAUUAGA,0
N447,UAAAAGGUCACCAAAUAAAAACUUUCAAAGCAAUUACUUAA,0
N448,UUACAGGCGUGAGCCACCGAACUCUGCCGUGUUUUUGUUUU,0
N449,AGAAAUAUUAGGAAAGCAAGACUGUUUUGUACUUGGGUGUG,0
N450,GAACGUGAAACCUAUUGUGAACUGUGCAUGUGAGGGCUCUA,0
N451,UUAAAAAUACAUCCCAAAAGACUUCUGCUUAUUGCACAUUU,0
N452,UGUACUAUACUAGUAGCAAAACUUUCGAGAGAGAGAAGGUA,0
N453,GUAUUCUAAACGUUUUAUGGACUAAAAAAAAAAAAAAAAAA,0
N454,UCUGGAAAUGUCUCUGACAGACUCCCACUUAAGUUUCUUUA,0
N455,GUUGAGAACUUCCAUUUUGGACUAGUUUUUUUUUUAUUAUA,0
N456,AAGUUCAAGCAGUUUGAGGAACUGAUGUUUUUUUUUCUCAA,0
N457,UUGGUGGAUUUCUUUUAAAAACUAAAUUUUUAGUUUUUUGA,0
N458,AUGUUUUUAUGCUGAUGAGAACUACCUAGAAGAGAGUGUGA,0
N459,CCUGCGAGGGGGACAAGGGAACUGUUUCCAUUUCACAAUCA,0
N460,UAUCUGUUAUUGAAAGUGGGACUCAAAAGUUUCCAACUAAU,0
N461,UGAGAUGGACCUGAACUAAAACUCUACUGACUACCCGACCU,0
N462,UAAACCACUCAGUUUGUGAAACUUCAUUAUGGCAGCCCUAG,0
N463,CUUGGGCUGGGUGCUAGGGGACUCUUCAGAAGAUAGCAACC,0
N464,CACUCUUUUGGCAAGCAAGGACUGCUCUCAGAUGUAUUUUA,0
N465,CAAAAAAAAAAAAACAAAAGACUUUAGUGUUCACCAUGGCU,0
N466,UAUAAUAUUCUACCACAGGGACUCUAUGCCCAGGUCCUAUC,0
N467,ACUAGACAGGAAGAAGGGGGACUUUAGAACAGAAGAAAUAA,0
N468,AUUAAACUCUAUUCAGUUGAACUUUUGCAUAAGCCAUCUGU,0
N469,UUGGUACCUCCGAAGGCUGAACUGGGGAACCAUUUUAUUUU,0
N470,ACUUGUGCCUCGUGGUUUAGACUCUGAUGGCCCCACUAAUU,0
N471,UGAUGGUUGAAUUUUAAAAGACUGGCAGUACCUAUUUUUAU,0
N472,GCUUCUGCAUAGCAAAAGAAACUAUCAACAGAGUAAAGAGA,0
N473,AUGUCAACACUAGGAUGGGAACUUUUAGGGUUAUUCCCACU,0
N474,GGACAUAGCUAAGAAAAAAAACUUUAUUCAAAGGAUUAUUG,0
N475,UAUGUUUUAUUUUAUAAGAAACUCCAAACUGUUCUCUAUAG,0
N476,UUUUUUGUACAAACUCACAAACUAAUUAAGAUUUUAUGUGU,0
N477,CCUGAAGCCAGGAGUUCAAGACUAGCCUGAGCAACAUAGUA,0
N478,GGGGGGUGGGGAGCUGGGGGACUGUGUUUCACACAUGGGGA,0
N479,GCCAGCAUUUUCUCUCUUAGACUUCCCACAGCGAAUUCCUG,0
N480,AAAGGAGGAUAAAAACAUAGACUAAGGAUAAAAGAGCCUCC,0
N481,AAGCUUUAAGGAAAAGAUAAACUCUCAUGCCUGCUAUAUUU,0
N482,UUUCUGUGGUUAGGAUAAAAACUAGGUUAAAAGAAUUUCUG,0
N483,UAAUGCUGAAAUGAAUUAAGACUUUGGGGGACUGUUGGGAA,0
N484,UCGGCCCCCUCCCUUCUUAAACUGGGAUCACUUGUGAUUCU,0
N485,CAGCCUCCGGAGUAGCUGGGACUAUAGGCGUCCGCCACCAC,0
N486,GGGAAUAUCACAUUCUGGGGACUGUGGUGGGGUCGGGGGAG,0
N487,UGUCUGCACCCCUCGGUCAAACUUCUGGAUGCCAUCAGGGA,0
N488,AAGGACAACUUAUAAUCUGGACUCCAUAAUUCGAUAUCUAU,0
N489,AAAAAAAAAAAAUCUAUUGAACUUGGCUGGGUGUGGUGGCU,0
N490,AAGGGAUAUUAGUCUUUUGAACUAAAUGAAAAUAAAAACAC,0
N491,CUUACAUAUUUGGUGUCAAAACUGUCGCGAGCAUAGAAAAA,0
N492,GAAUAGAAGAUAGAUCUUAAACUCACGCAUUGUAUUUCCCU,0
N493,UUUAAUAACAGUUUUGUCGAACUAUAAUUCACAUACCAUGA,0
N494,GUCUUUAGAGAAAAACGCAAACUAAAACCAAAAUGAUUUGA,0
N495,AGAGACGUGUGGAACUUUGAACUUGAGAGAGAUGAUUUAGG,0
N496,GAAGCACAAGGGGUAGGGGAACUCCCUCCCCUAGCCAGGGG,0
N497,UCCAAACUGGGUGGAUUAGAACUAACCUACUUUUAAGGUAU,0
N498,AGUCUCUAAAAGUAAGGUGGACUUUCAAGUGUAGUUUAGUU,0
N499,AUUUUUUGGUCUACGGAAAAACUUGUUAUUAUCAAAUAAUU,0
N500,AAAAAGAAUGUUCAUAAGGAACUUUUAGCCUAUUUUAGCUC,0
N501,AGCAGGAUCUCGUUAAUCAAACUUCCCCAAGUGGCACAAAU,0
N502,UUAGUAUCCUAUCUUGGUGAACUAAAUAGUACAAAAGUUGC,0
N503,UUAUAGGGGAAGCGAAUAAAACUAUAUAUAUUUUUUAUUUG,0
N504,UAAGGAUUCCGAUAGACCGAACUUUUGGUUCAGGGUCUUCA,0
N505,UCUAGCUGGUUAUUUUGCAGACUUGUUUAUGUAGUUGCUUU,0
N506,UUUAAGGUGCAACAGCCGGGACUCUGUGUAAUUCCUUGUUC,0
N507,AGGUAGGAUUUUUUAAGGAAACUGCUUACUUAGUUUUACCC,0
N508,GGUAACAGUAAAGUACCGAAACUGGGUUCCUCAUUGUGACA,0
N509,GAGAUUUGGUUGUUUAAAAGACUAUAGCACCUCCCCCCACC,0
N510,CAUACUUAUGGGAUAAAGAGACUUUUUGAUGGAUUUAGAUG,0
N511,UGAUUUCGGCUGUCAUCAAGACUGGCCCACUGAGGUUAAAU,0
N512,CUUUGAAUGACAGGAGCAAAACUGGAAAGUGAGAAGGGAAA,0
N513,UCACCGAGGGGCCACCAAAGACUCCCCGCUUCUUCCCUCCU,0
N514,AUGCCCGGCUUAUUUUUAAAACUUUUUUGUAGAGAUGGGGU,0
N515,CAUUCUUAUUGCUGAAUUGAACUCUAAAAAUUUUGUGCUAA,0
N516,UUACCUCAAAAACCCUAAAGACUCCUCUAGAAAGCUCCUAG,0
N517,AUUUGAAAGCCAUGAAUUAGACUGAAGGGUGGGUUAGAUAA,0
N518,UUUAUACCACCACAACAUAAACUUCAUGAGGGAAAAAACUU,0
N519,UUGUUUUAGGAUAGUCUCGAACUCCUGAGCUCAAAUGCUCC,0
N520,UUAUGCUGAAAAAGAAACAAACUGCAAAUAAGUUUGGUGCC,0
N521,UAACUCAAGAUGGAUUAAAGACUUAAAUGUAAGACCUAAAA,0
N522,AUAAUAAAUGGUUAAUGCGGACUUUUAUUUAACCAGCAACC,0
N523,UUUUUUUUUUUACUUAGUAGACUUAUGCCAUUGAAUGAUGU,0
N524,AAUUUUCCUGGACAGUGUAGACUUCGCAUUACAAGGUGGUA,0
N525,UGUUUUAAGGCAGAGAUGGAACUUGGGCGAUGGGCGGGGGG,0
N526,GCUAAAGGUAGGGGAGGGAAACUUUGUAGGUUUAUGGAGCU,0
N527,CUAAAUGUGUUUUUAGUGGAACUCGUGCGAUCUUUUUUUUA,0
N528,UCAACAUCCCUUUGUGAUAAACUUCCCCCAAAAAGAAACUG,0
N529,GGAACAAACACAGGCUUUGGACUCAGACAUUGGGGGUUUGA,0
N530,ACAAAAAAAAUCCCGCUAGGACUUUUUUGCUAUCUUUGAGG,0
N531,UAUGGGACACACAGGAUAAAACUCAAACCGAUUUUUAAAUC,0
N532,AAGAUGCCCCUCAAUGGUGGACUGGAUGAAGAAAAUGUGGU,0
N533,GUGGGAAGGCUAGCUCAGGAACUAGAGAAAUAUUGUGAUAU,0
N534,UAUAGAAAUGAAAUAUGGGAACUACAUCUGAGUCCAUAUGA,0
N535,UUUGUGAAAGAGAUUUGUGGACUGGGGGUUUUAGAGUAUAG,0
N536,UGUGGUAACCACAGAGAGAGACUCUUUCCGCAGGAGGAAAG,0
N537,UUUUAAAUGGUUCAGCUUGGACUGGGUGGAUAACAAUAAUC,0
N538,UAACCACUGACAAAAUUUGGACUGCAGGUUUGCCCCAAAGC,0
N539,AAAAUAAUGUUUGACCCCGGACUUAGAAAAGGGUGGAGUGA,0
N540,GAAAGCCAGGCAGAGUUGGAACUUGGUUUGGUUAUUAUUAA,0
N541,AGAUGCCACGUUUUUCAGGAACUUAUAAAUUGGGGUAGAGG,0
N542,GUAUCUAUUUAUGGCCAAGGACUUCGGGUCGGCCUCCCAUG,0
N543,GAUUUUGAGCGUCGCAGAGAACUUAGAAGGCAAAAGAGGGA,0
N544,CUCGCCUCUGGUUUUCAGAGACUGUUACUCUCCAAAUCCCC,0
N545,AAGAAAAAUUAUUUUUGGAAACUAGAAGAAAGGGGAUCCUU,0
N546,AGAAAAAAGAUAGAUGUAGAACUCUUAAGGAAAGUGGAGGA,0
N547,UUUGGGAGGUAGGAAUUGGGACUGUUUUUUAAAAGCUUCCA,0
N548,CCGAGUUAGGGAUCUUUCAAACUAGUUACUAAAAGAGUCCC,0
N549,CAGGAGGUUGCACUUUAUAGACUCCAAACCCGGUAAAUAAA,0
N550,UAAUACAUAAAACCCACUGAACUGUAUAUUUUAAAAGGGUG,0
N551,GUAAUUCAUGGGCGAUUUAAACUGCCGAAGAACUCCCAGAA,0
N552,UGUGAGUUAAUACUUAAUAAACUCCCCUUUAUAUAACAUUA,0
N553,GGACUGAGGAAGGGGGCAGGACUCAAGAAGGGAGUUUUUUG,0
N554,CCCGUCAAAUUUACCAGUAGACUUUAAUUUCCUAUAAAGAA,0
N555,ACCCACCCAGGGUGCACUGAACUCGGUGGGUCGGACCCAUC,0
N556,UUAGCACCACUCCUCCUCAAACUUUUCCAAAAUAUUGAAGA,0
N557,CUAUGGUGGGAAAAGGUCAGACUGGGCUCUGAGUGAUCAUG,0
N558,UAAAGGACAGAGAUUGGCAAACUGGAUUUAAAAAAACCUGA,0
N559,UCCAGUGUGGAGGGGAGAAAACUCAUUUAUGAUUGCUCAAU,0
N560,UCUAGUUUUUGGAGAGCAAAACUGGGUCCAAGUGGGCUGAA,0
N561,GACACGCACCUAAGUUGAGAACUGCAAAUAUACAACAGUGG,0
N562,UAAAUUUCUCCUCCAAUAAAACUUAUUUUAUUUUUACACCG,0
N563,CAUGCCGGCUUCGCAGUGGGACUUAACAUAGUAGAAAAAGG,0
N564,CUUAGGAGGCAAUGGGGGAAACUUGCUUCCCAACCUUCUCU,0
N565,UGAGGGGGAGAAAAAAGUGGACUGAAAUUUUCCUAGCUUUC,0
N566,CUACUAGUUAAAACUAAGAAACUUUUAUUUGUGCUUAGAUG,0
N567,AACCAGACAAAACUAUACAAACUGGCCGGGCGCGGUGACUC,0
N568,AUCCCACUCGGGCGAGCCAAACUGGUAGUUGCCGCUCAUGA,0
N569,GAGCUCCUUCGUGCAUCCAAACUCCGGGCUUGGGAACCUGU,0
N570,AUAUUUGGAGCGCUUUGAAGACUUCAUUGGAAUCGCGAAUA,0
N571,GGACAAAAACGGGUUUCCAAACUGCUGAAUCAAAAGCAUGU,0
N572,UUGAUUUCCACAAUGGUUGAACUAGUUUACAAUCCCACCAA,0
N573,UGGCCCUCCAGUGGAUUUAAACUGCAAAAAAGUUGAAGAAU,0
N574,GCCUGGGCAAUAAGAGUGAAACUCUGUUUAAUAACUCCGUU,0
N575,UAAGAAUACAAAAAAAUUAGACUGGCGUGGUGGCAGCUGCC,0
N576,UAGGACUAGUAACAGGACGAACUAACUUUGGUUGAGGUGAU,0
N577,UUUAAAACCUUUUUUUAAGGACUUUGGGGUGAGUCACGUUA,0
N578,GAAAGCAAGUUUAUUACGAAACUAAAGGAAUAAAACAAUGG,0
N579,AUCUCUUCCCUGGUGAUUAGACUUUGAUGGAGAUAAGGGGC,0
N580,AGAGGAAGCAUCACUGAAAAACUUUAUUUUCUCUUCUGAGG,0
N581,GGCUGGGGAGGCCUCAGGAAACUUACAUGGUGAAAGUUGAA,0
N582,AGACGCUUACUAGCUGUGGAACUUUGGGCUAGUUAAAACAC,0
N583,UGGGAUUAGCUGCUAGAGGGACUGAGGACUCUAAAGAGAAC,0
N584,CUGUACGAUUCCAUUUAGGAACUAGGGGUAGGAAAGGAUGU,0
N585,UGAUCCCUAAGUGUAAGGAAACUUGUGAGAUGAGCCCCAAA,0
N586,GAACACAUCAUCUUUCAAAAACUCUACUAAUAUCUGCCUAU,0
N587,GUCCUCAGGACAAAGGCCAAACUUCCUAGAGGGUCAUGGCG,0
N588,CUGAUUUGGGUAAUAAUAAAACUCUGGCCUCCCAUACAGCU,0
N589,AUCUAUAAGAGAAGGAGGGGACUUGAUGCCACUUAUUUUUG,0
N590,CAAUUAAAAAUAACUUUUGAACUUGGAUGAAGUAAACCAAG,0
N591,AACCAUGCUUUUUCCACGGAACUGCGCAACCCACAGGUCGG,0
N592,AUGAACGGGGAAAGGAGAGGACUCCACAUAUUCAAGGAAGU,0
N593,AGAUCCGGGACCUCGCCGGGACUGCGGCGCUGUCUGCUCCC,0
N594,GUUAAUAUUCCUACCUCGGGACUUUUCCAUUGUUGUUUGCC,0
N595,AGAUGAUCCACCCGCCUCGGACUCCCAAAGUGGUGAGAUUA,0
N596,UGAUCCCCCACCCCCUGCGAACUGCACCGGUUGCGAGGGGC,0
N597,UUGAAUGGCUACAUUCAAAAACUAAAGAAUGUUGAUAUUGC,0
N598,CUAAGCCCCAGGGUUAAGGGACUUGCCAUGGGCAUGCAUCU,0
N599,GGGAAUAUCACACACUGGGGACUGUUGUGGGGUGGGGGGAG,0
N600,AAUUAAGUAGUGGGGUUAAAACUGUUAAAAUGUCACACUAC,0
N601,UCUUGUACUCCACGUUUGAAACUUUUUGACCCCGCUUUGAU,0
N602,UAGCUUUUUAUUGUGGCAGGACUAAGAGUCCCUCAAGAAAU,0
N603,CAACUGUAGUAAAAGGAAAAACUUGAUUUUUGAAAAAUGGG,0
N604,GGGCUAAGCUUCUUCCUGGAACUUUUUAAAACAAAAAUUCA,0
N605,GAGCAGAGGGAUUUGCCGGAACUCUCCGGGGCUUCAUCUGC,0
N606,AGUAAAAGGUCCUGAUUAAGACUUGGUAGUGAGAAUAUUCU,0
N607,AUAAGCCCACCCUACCAGGAACUAUGUUGAAAAUUUUCAGA,0
N608,GGCAGAAGGAGAGAAGGGAGACUGCGCUCUUUUGGGUGUGU,0
N609,CUCUGAUACUGGCCUUGGAAACUUUUUCCACUCAGCCCAUA,0
N610,CCACACAAUAACAGUGGGAGACUUUAACACCCCACUGAUGA,0
N611,UUACUCAGCUGAGACUUUGGACUUGGACUUUUUGGUUAAGG,0
N612,GAGAAAAACCCUUUAGUCAAACUUUGUGCGAGAACUGAAAU,0
N613,UUACGCCUUUGAGUUGAAAAACUGCCGAAUGACCAAAUGAA,0
N614,GUUGGGUUAAACAGACAAAAACUUUAAGGCAGUGAUUACAA,0
N615,UUUCAGUGAAGGUUGGCUAAACUAGGAAAAGGUUGUUGUUU,0
N616,GCUAUUAUUGGUGUUUUGAGACUUUAAAAAUACCAUAACCU,0
N617,GCUAAGAAAUUCCUUAAAGAACUUCUCCACUUUUUUUUUGU,0
N618,AGGAUUGUUAAAAUGGCCAAACUGCCCUAAAAAAUUUAUAG,0
N619,AAUAAGACACAGAUGUUGGAACUAUCAGACAAGGAAUUUAA,0
N620,CCCCGCCGUCUUCCCCAUAGACUUGGCUGGCUUCCAUAACU,0
N621,UAAAGACUGUUUUUGUCUAAACUUUGUAAUUUGGUUAGAUU,0
N622,AAGGAAGAGGAAAGGAAAGAACUUAUUUUAUCCCAAGUUAG,0
N623,CAGGCUGGUGUUAUAGAGAAACUUCCAGCAGCCACUGAUAU,0
N624,CUGGGUGCGUCGAAUAUCAAACUAUAUUUGGUGCUGAGCAG,0
N625,AUCGUAGGGUCUCCGUAAGAACUCGCCCUGGACCACCCCAC,0
N626,GCAUGUAAUAAGCUCCCCAAACUUAAUAUGUUAAAAACCAA,0
N627,UGACUUUUUUGGUAGCAGAGACUUACGUGACAGGUGUUUAU,0
N628,GCUUGAAGGAAAGCAGCUGGACUUGGGUUAAACUUUCACUC,0
N629,AGAAUAUUCUUGCUUGCUGGACUGAGAGCACAAGCCUCAAA,0
N630,GUGUGAACCCGGGAGUCGGAACUUGCAGUGAGCCAAGAUUG,0
N631,UAAAAUGAAAUCACCAUAAAACUCAUAAGCAACAGGGGAAA,0
N632,AUGGGUGCAACUAAAUACAAACUAUAAUAAUUUACUAAUAU,0
N633,AAUCUGUAUCAAUAAAUAAGACUUCUACUUCCAGGCCACCU,0
N634,AUCACGACCCUCUCAAGCGGACUCCCUUAGAGUUGUGAGCC,0
N635,UUUCUAAUUUUUAUGGAGGGACUUGAAUUUGAAACCGACAC,0
N636,AUUGUUUCUUUGAGCAGGAGACUGCCCCGCAGGGAUCAGUC,0
N637,GUGAAUCCAUCGGGUCCUGGACUCUUUUUGGUUGGUAAACU,0
N638,UUCUGUCUUGGACAAGAAAAACUUGAUGUGAAUUGAGGUUG,0
N639,GUGAGGAAAACUUAUGUAAAACUGGAACGGGUGAAGGGGUG,0
N640,CAUCCACAAGGUCUUCCAAAACUGAAGUGAAAAUGAAGGGA,0
N641,GAUAAAGACUCCACCAAUAAACUUUUAGAUUUGGAAAGUUA,0
N642,UUUGGAGUAGGUGGAGGAAGACUGUUUUUGUGAAUGAUACU,0
N643,CUGUCUUCCACAAUGGUUGAACUAGUUUAUGGUCCCACCAA,0
N644,AGGGCAGAGAAAGGAGGAGAACUUAAUGCAACAAGCAAGAU,0
N645,AUCUAAAUUUAUUUGCCCAAACUGGAAAAAUGCCGCCCAAA,0
N646,CAGCCUCCCGAGUAGCUGGGACUACAGGGGCCCGCAACCAC,0
N647,CCUGUUUCAGAGAAGCCAGAACUGUUUUAGGUCACAAAUUA,0
N648,AGCCUGGGCGACAGAGCAAGACUCCAUCUAAAAAAAAGUUU,0
N649,CGCUAAGUUAACCUCGUUGGACUUUUCCCCAGGAAUUGAUG,0
N650,AACCCAUGCUGUCUCUCUGAACUUGCGUAAAAAAAUAGCCC,0
N651,UUUAUUCUUACUUUUUAGGAACUGCGGCCCCCAACUGUUAU,0
N652,GGUAAAGGAGAAUUACUUGAACUGGGGAGGCGGAGGUUGCA,0
N653,AUGUGCUUUAAUUUUUCUGGACUGGGAUUUGAUUUGUAUUU,0
N654,UGUUGGAUUUUGGACUUGGAACUUGUUAACCCUUUAUUUUU,0
N655,UAAGUUUUUUACCUGAAGAGACUUUUCACUAAGGGCAAUGU,0
N656,AGUUGAGGAAAAUUCCCAGGACUCCUCUUUUUUGUCACGGU,0
N657,UCUCUUGAGAAAAAAAAGGAACUGUUAUUUAUUGACAAUAU,0
N658,UGCAAAGUCACCGGGGUGAAACUGCUCAAGAUCAUGGGAGU,0
N659,UUUGUCAUAGCGGUUUCAAAACUAUAAACCCAGCCCAAAAC,0
N660,UUAGGACCUCACCAGUGAGAACUGUCUAUGUGUGAGGGUGA,0
N661,UGCGUUGAACAGAAAGAUGGACUAAAUAUAAAGAGGGAACU,0
N662,CUAGAAAACAGGUUUAUAAAACUGGUUUUCUUUAAAAAGGC,0
N663,UUGACGGUGGGCCAUUAAGAACUCUGUGACCAGCACAUAUG,0
N664,UUUUCUCCCUGUCCCGAGAAACUGGGAUAAUAUGAGAACUU,0
N665,AGCAGAGAUCAUUACUCUGAACUGUAAGUGCCAUUAUUGAC,0
N666,AAUGACCAGAUCUUUCAAGAACUCACUAUCACAAAGACAGC,0
N667,GUUAUUUGCCUGAGGAAAAAACUAACAGUAUUAAAUGGUAU,0
N668,AAAAAUUCGGAUUGGGGGAAACUGGGUUCUAUGGGAAGACA,0
N669,CUCUCCACAUAUUUGCAAGGACUGAAAGGGGACCUGCCGGC,0
N670,UCCCACGUGUUGUGGGAGGGACUUGGUGGGAGGUAAUUGAA,0
N671,UUAUAACGUCCUGAUCAAGGACUUGCUCAGGAAGGAGGAGU,0
N672,UUAUUUUUUUGUAGAGAUGGACUCUCACUAGAUUGCCCGGG,0
N673,GAUUUGUUUUUUUAGAGGAGACUGAAAUAACAAAGUUUAUC,0
N674,UAUUGAGUAUUGAGAGCAGAACUUACAGAUUUUUUUUUUUU,0
N675,UUGAAUGCUUUCUUACAAAAACUUGCUCACCCUACAAAAGC,0
N676,CGCUGGGGCGAGUCUCAGAGACUCUAAGACCCGACUGGGUU,0
N677,AAGAGAUCAUGUGUAGGGGAACUUCCCUUUAUAUAACCAUC,0
N678,GACACAUACACCCUCCCAAGACUAAACCAGGAAGAAGUCGA,0
N679,AAUGGACAAACCCUUGCCGGACUAAUGAAGAAAAAAGGGAG,0
N680,UUAGAGGAAAAGUAUUUUAAACUCUUGAAUGUUUUAUCCCU,0
N681,AAAACCUCUGCAAGGUAGGAACUUCAGAGAGUUUUAGUGUA,0
N682,UGAGAUAAUAUCUGUCUAGAACUUUUCUAAAAAUGGGAGCU,0
N683,UUAUAUUUGGAAAAACCUAGACUCCACACACAAAAAAAAUU,0
N684,GUCCUAAACAAGCCCUUUAAACUUCAAAGGGAUUAACCUGG,0
N685,UUUUGGAGCGUACGGCUUAGACUCAAGGCCCAAACUAGGCC,0
N686,AAAAAUAAUUUUGUGUUUAGACUUGGGACCUAUCCCAAAGA,0
N687,AGUUCAUCAAAAACGUAGAAACUAAAAAGGAAGAGAUAUGU,0
N688,GAAGGGGAAAAUGGAAGCAAACUUGUGGUUAGAGAAAAAAU,0
N689,GAGGAUUCAAAAGUGCCCAAACUUAAGAUUUUAAAACUCUC,0
N690,GGCACAAAUAAGUUGUUUGGACUACUUAAUAAACAAAACUA,0
N691,UGGGAGGGAAGUGGGAAGAGACUUUCUUCCUAAAAUAAUUC,0
N692,UCUCUCCCUGACCCACCCAAACUCCUCUCAUCCCCUCCCGC,0
N693,CAAUAUUUUUAAUCUAAUAAACUUAACCAAGCAGUCUUGUU,0
N694,AGGGGUAAGAGAUAUUCUAAACUGAGAGAAUUACAGGAGCU,0
N695,UGGUUUUGUCUCUCUGAAGAACUCUAGUAUAUCCAUCCAAC,0
N696,ACUUCUUUUAUAAAAAUUAAACUAGCGGGAAAUAAUAAAUG,0
N697,UAAAGAAAGGCAAGAGAGGAACUAAUCGAUACCAGCACCCC,0
N698,AAACUGCUACCACCAGAGGGACUGGAAUUCACAAAUAAUGG,0
N699,GGGGUGCUGUUACGGGCUGAACUGCAUCCCCCAAAAUUAGU,0
N700,AAUAUUACCCAGGGACAUAAACUGUCUGUUUAGGCCUGUGG,0
N701,UUCUCCCCAUAAUUUUCAAAACUCCUCUUAAAUAGUGGUAU,0
N702,GGAGGGUGGGUGUUGCAAAAACUGUCAUUGGUGACUAAAUC,0
N703,GAGUGAGACCAGCCUUUAAGACUGCCAUCUGUGUGGGAACG,0
N704,UCACUAUACCACAAUAUUAAACUCAUAGGUGAGGCAAAAUA,0
N705,AAAUACAAAAAAUUAGCCGGACUUGGCGGCGGGCGCCUGUA,0
N706,AUGUGUGAUGUCUCCCCCAGACUCCCAGCUUUAAAAUUUCU,0
N707,UUGCCCCCUAGGAAAGCGGGACUUGCCGCUAAGGGUGAAGG,0
N708,GUAAAUAAAAUUUAAUAAAAACUCUAUGGCAUUUUAAAAAA,0
N709,GCUGGAGCAGAGCAAAUCGGACUGUGUUUUCCCAGCUACUA,0
N710,CACCACCUUGGCCUUUUAAAACUUUUAUUUACGUAUUUAUU,0
N711,GCCAUAUCCAGGGCAUAUGGACUCAUAAGAAAAACUCACAG,0
N712,CCCAAGUGGCCAGUCCAGGGACUAUUUAUUUUGUCCAGGAG,0
N713,CUUCUUAUACGGCCUGCAGAACUGUGAGCCAAAUAAACCUU,0
N714,AUGGGACUUUUACCAAAUAAACUUGAAAAAAAUUGCAACUC,0
N715,GAGGGAACUUCAAUCACUAAACUUUUCUGAUGAGAUGGCUC,0
N716,AAGAGCGGGGUGGGAUGGGGACUGGGACCACGAAAGCAGGA,0
N717,AGAGUCCUGCUUUGUACUGAACUAUUAUUAAUGUAUAAGGU,0
N718,AGCACCACAGAGACCACAGGACUUGAAACGGCCAAACCACG,0
N719,UACCUUCGAAACAUUGAUGGACUUUCUAUCUAUAUUUCAGA,0
N720,UUCAACAUGUCCCCAGAUGAACUAAAAAAAAAAAAAAAAAA,0
N721,AUGCACUAAUUUAGCCCGGGACUGGUGGCUCAGGCCUGUAA,0
N722,CUCAUAAAAAGAAGGAAGAAACUAUCACUGUGAUCUCGCUC,0
N723,UUGGUGGUGACAGAAUGAAAACUCAUCAAACCCCACCCUUU,0
N724,UCCAGAGGUUAGGAAGUAGGACUAUCUUUUUAGGAGACACC,0
N725,GUGGAGGGGGCAGAUCAAGAACUAAGACGAAGAGUUUAGCC,0
